usage_id,member_id,enrollment_id,service_code,used_value,unit,as_of_date
EM001B-CONSULT,M001,EM001B,CONSULT,2,visits,2026-09-01
EM001P-CONSULT,M001,EM001P,CONSULT,1,visits,2026-09-01
EM002B-CONSULT,M002,EM002B,CONSULT,2,visits,2026-09-01
EM003B-CONSULT,M003,EM003B,CONSULT,2,visits,2026-09-01
EM004B-CONSULT,M004,EM004B,CONSULT,2,visits,2026-09-01
EM004P-CONSULT,M004,EM004P,CONSULT,1,visits,2026-09-01
EM005B-CONSULT,M005,EM005B,CONSULT,2,visits,2026-09-01
EM006B-CONSULT,M006,EM006B,CONSULT,2,visits,2026-09-01
EM007B-CONSULT,M007,EM007B,CONSULT,2,visits,2026-09-01
EM007P-CONSULT,M007,EM007P,CONSULT,1,visits,2026-09-01
EM008B-CONSULT,M008,EM008B,CONSULT,2,visits,2026-09-01
EM009B-CONSULT,M009,EM009B,CONSULT,2,visits,2026-09-01
EM010B-CONSULT,M010,EM010B,CONSULT,2,visits,2026-09-01
EM010P-CONSULT,M010,EM010P,CONSULT,1,visits,2026-09-01
EM011B-CONSULT,M011,EM011B,CONSULT,2,visits,2026-09-01
EM012B-CONSULT,M012,EM012B,CONSULT,2,visits,2026-09-01
EM013B-CONSULT,M013,EM013B,CONSULT,2,visits,2026-09-01
EM013P-CONSULT,M013,EM013P,CONSULT,1,visits,2026-09-01
EM014B-CONSULT,M014,EM014B,CONSULT,2,visits,2026-09-01
EM015B-CONSULT,M015,EM015B,CONSULT,2,visits,2026-09-01
EM016B-CONSULT,M016,EM016B,CONSULT,2,visits,2026-09-01
EM016P-CONSULT,M016,EM016P,CONSULT,1,visits,2026-09-01
EM017B-CONSULT,M017,EM017B,CONSULT,2,visits,2026-09-01
EM018B-CONSULT,M018,EM018B,CONSULT,2,visits,2026-09-01
EM019B-CONSULT,M019,EM019B,CONSULT,2,visits,2026-09-01
EM019P-CONSULT,M019,EM019P,CONSULT,1,visits,2026-09-01
EM020B-CONSULT,M020,EM020B,CONSULT,2,visits,2026-09-01
EM021B-CONSULT,M021,EM021B,CONSULT,2,visits,2026-09-01
EM022B-CONSULT,M022,EM022B,CONSULT,2,visits,2026-09-01
EM022P-CONSULT,M022,EM022P,CONSULT,1,visits,2026-09-01
EM023B-CONSULT,M023,EM023B,CONSULT,2,visits,2026-09-01
EM024B-CONSULT,M024,EM024B,CONSULT,2,visits,2026-09-01
EM025B-CONSULT,M025,EM025B,CONSULT,2,visits,2026-09-01
EM025P-CONSULT,M025,EM025P,CONSULT,1,visits,2026-09-01
EM026B-CONSULT,M026,EM026B,CONSULT,2,visits,2026-09-01
EM027B-CONSULT,M027,EM027B,CONSULT,2,visits,2026-09-01
EM028B-CONSULT,M028,EM028B,CONSULT,2,visits,2026-09-01
EM028P-CONSULT,M028,EM028P,CONSULT,1,visits,2026-09-01
EM029B-CONSULT,M029,EM029B,CONSULT,2,visits,2026-09-01
EM030B-CONSULT,M030,EM030B,CONSULT,2,visits,2026-09-01
EM031B-CONSULT,M031,EM031B,CONSULT,2,visits,2026-09-01
EM031P-CONSULT,M031,EM031P,CONSULT,1,visits,2026-09-01
EM032B-CONSULT,M032,EM032B,CONSULT,2,visits,2026-09-01
EM033B-CONSULT,M033,EM033B,CONSULT,2,visits,2026-09-01
EM034B-CONSULT,M034,EM034B,CONSULT,2,visits,2026-09-01
EM034P-CONSULT,M034,EM034P,CONSULT,1,visits,2026-09-01
EM035B-CONSULT,M035,EM035B,CONSULT,2,visits,2026-09-01
EM036B-CONSULT,M036,EM036B,CONSULT,2,visits,2026-09-01
EM037B-CONSULT,M037,EM037B,CONSULT,2,visits,2026-09-01
EM037P-CONSULT,M037,EM037P,CONSULT,1,visits,2026-09-01
EM038B-CONSULT,M038,EM038B,CONSULT,2,visits,2026-09-01
EM039B-CONSULT,M039,EM039B,CONSULT,2,visits,2026-09-01
EM040B-CONSULT,M040,EM040B,CONSULT,2,visits,2026-09-01
EM040P-CONSULT,M040,EM040P,CONSULT,1,visits,2026-09-01
EM041B-CONSULT,M041,EM041B,CONSULT,2,visits,2026-09-01
EM042B-CONSULT,M042,EM042B,CONSULT,2,visits,2026-09-01
EM043B-CONSULT,M043,EM043B,CONSULT,2,visits,2026-09-01
EM043P-CONSULT,M043,EM043P,CONSULT,1,visits,2026-09-01
EM044B-CONSULT,M044,EM044B,CONSULT,2,visits,2026-09-01
EM045B-CONSULT,M045,EM045B,CONSULT,2,visits,2026-09-01
EM046B-CONSULT,M046,EM046B,CONSULT,2,visits,2026-09-01
EM046P-CONSULT,M046,EM046P,CONSULT,1,visits,2026-09-01
EM047B-CONSULT,M047,EM047B,CONSULT,2,visits,2026-09-01
EM048B-CONSULT,M048,EM048B,CONSULT,2,visits,2026-09-01
EM049B-CONSULT,M049,EM049B,CONSULT,2,visits,2026-09-01
EM049P-CONSULT,M049,EM049P,CONSULT,1,visits,2026-09-01
EM050B-CONSULT,M050,EM050B,CONSULT,2,visits,2026-09-01
EM051B-CONSULT,M051,EM051B,CONSULT,2,visits,2026-09-01
EM052B-CONSULT,M052,EM052B,CONSULT,2,visits,2026-09-01
EM052P-CONSULT,M052,EM052P,CONSULT,1,visits,2026-09-01
EM053B-CONSULT,M053,EM053B,CONSULT,2,visits,2026-09-01
EM054B-CONSULT,M054,EM054B,CONSULT,2,visits,2026-09-01
EM055B-CONSULT,M055,EM055B,CONSULT,2,visits,2026-09-01
EM055P-CONSULT,M055,EM055P,CONSULT,1,visits,2026-09-01
EM056B-CONSULT,M056,EM056B,CONSULT,2,visits,2026-09-01
EM057B-CONSULT,M057,EM057B,CONSULT,2,visits,2026-09-01
EM058B-CONSULT,M058,EM058B,CONSULT,2,visits,2026-09-01
EM058P-CONSULT,M058,EM058P,CONSULT,1,visits,2026-09-01
EM059B-CONSULT,M059,EM059B,CONSULT,2,visits,2026-09-01
EM060B-CONSULT,M060,EM060B,CONSULT,2,visits,2026-09-01
