source_record_id,claim_id,member_id,enrollment_id,provider_id,service_code,service_date,submitted_amount,paid_amount,currency,status,processing_days,missing_attachment,prior_duplicate_signal,feature_available_date
R0001,C0001,M001,EM001B,P02,DIAG,2026-01-01,2324.00,1162.00,PHP,PENDING,2,1,0,2026-01-01
R0002,C0002,M002,EM002B,P03,CONSULT,2026-01-01,2179.00,1089.00,PHP,DENIED,3,0,0,2026-01-01
R0003,C0003,M003,EM003B,P04,DIAG,2026-01-01,7412.00,3706.00,PHP,PAID,4,1,0,2026-01-01
R0004,C0004,M004,EM004B,P05,CONSULT,2026-01-01,934.00,467.00,PHP,PENDING,5,0,0,2026-01-01
R0005,C0005,M005,EM005B,P06,DIAG,2026-01-02,7373.00,3686.00,PHP,DENIED,6,0,0,2026-01-02
R0006,C0006,M006,EM006B,P01,CONSULT,2026-01-02,606.00,303.00,PHP,PAID,7,0,0,2026-01-02
R0007,C0007,M007,EM007B,P02,DIAG,2026-01-02,5052.00,2526.00,PHP,PENDING,8,1,0,2026-01-02
R0008,C0008,M008,EM008B,P03,CONSULT,2026-01-02,2019.00,1009.00,PHP,DENIED,9,0,0,2026-01-02
R0009,C0009,M009,EM009B,P04,DIAG,2026-01-03,4833.00,2416.00,PHP,PAID,10,0,0,2026-01-03
R0010,C0010,M010,EM010B,P05,CONSULT,2026-01-03,6701.00,3350.00,PHP,PENDING,11,1,0,2026-01-03
R0011,C0011,M011,EM011B,P06,DIAG,2026-01-03,6425.00,3212.00,PHP,DENIED,12,0,0,2026-01-03
R0012,C0012,M012,EM012B,P01,CONSULT,2026-01-03,4233.00,2116.00,PHP,PAID,13,0,0,2026-01-03
R0013,C0013,M013,EM013B,P02,DIAG,2026-01-04,2154.00,1077.00,PHP,PENDING,14,0,0,2026-01-04
R0014,C0014,M014,EM014B,P03,CONSULT,2026-01-04,3164.00,1582.00,PHP,DENIED,15,0,0,2026-01-04
R0015,C0015,M015,EM015B,P04,DIAG,2026-01-04,1669.00,834.00,PHP,PAID,1,0,0,2026-01-04
R0016,C0016,M016,EM016B,P05,CONSULT,2026-01-04,3177.00,1588.00,PHP,PENDING,2,0,0,2026-01-04
R0017,C0017,M017,EM017B,P06,DIAG,2026-01-05,4098.00,2049.00,PHP,DENIED,3,0,0,2026-01-05
R0018,C0018,M018,EM018B,P01,CONSULT,2026-01-05,4252.00,2126.00,PHP,PAID,4,0,0,2026-01-05
R0019,C0019,M019,EM019B,P02,DIAG,2026-01-05,1584.00,792.00,PHP,PENDING,5,0,0,2026-01-05
R0020,C0020,M020,EM020B,P03,CONSULT,2026-01-05,5655.00,2827.00,PHP,DENIED,6,0,0,2026-01-05
R0021,C0021,M021,EM021B,P04,DIAG,2026-01-06,8017.00,4008.00,PHP,PAID,7,1,0,2026-01-06
R0022,C0022,M022,EM022B,P05,CONSULT,2026-01-06,4804.00,2402.00,PHP,PENDING,8,0,0,2026-01-06
R0023,C0023,M023,EM023B,P06,DIAG,2026-01-06,6430.00,3215.00,PHP,DENIED,9,0,0,2026-01-06
R0024,C0024,M024,EM024B,P01,CONSULT,2026-01-06,1989.00,994.00,PHP,PAID,10,0,0,2026-01-06
R0025,C0025,M025,EM025B,P02,DIAG,2026-01-07,3121.00,1560.00,PHP,PENDING,11,0,0,2026-01-07
R0026,C0026,M026,EM026B,P03,CONSULT,2026-01-07,6752.00,3376.00,PHP,DENIED,12,0,0,2026-01-07
R0027,C0027,M027,EM027B,P04,DIAG,2026-01-07,688.00,344.00,PHP,PAID,13,0,0,2026-01-07
R0028,C0028,M028,EM028B,P05,CONSULT,2026-01-07,4871.00,2435.00,PHP,PENDING,14,0,0,2026-01-07
R0029,C0029,M029,EM029B,P06,DIAG,2026-01-08,3091.00,1545.00,PHP,DENIED,15,0,0,2026-01-08
R0030,C0030,M030,EM030B,P01,CONSULT,2026-01-08,4815.00,2407.00,PHP,PAID,1,0,0,2026-01-08
R0031,C0031,M031,EM031B,P02,DIAG,2026-01-08,2243.00,1121.00,PHP,PENDING,2,0,0,2026-01-08
R0032,C0032,M032,EM032B,P03,CONSULT,2026-01-08,3758.00,1879.00,PHP,DENIED,3,1,0,2026-01-08
R0033,C0033,M033,EM033B,P04,DIAG,2026-01-09,509.00,254.00,PHP,PAID,4,0,0,2026-01-09
R0034,C0034,M034,EM034B,P05,CONSULT,2026-01-09,6447.00,3223.00,PHP,PENDING,5,0,0,2026-01-09
R0035,C0035,M035,EM035B,P06,DIAG,2026-01-09,1449.00,724.00,PHP,DENIED,6,0,0,2026-01-09
R0036,C0036,M036,EM036B,P01,CONSULT,2026-01-09,8462.00,4231.00,PHP,PAID,7,0,0,2026-01-09
R0037,C0037,M037,EM037B,P02,DIAG,2026-01-10,2560.00,1280.00,PHP,PENDING,8,1,0,2026-01-10
R0038,C0038,M038,EM038B,P03,CONSULT,2026-01-10,4842.00,2421.00,PHP,DENIED,9,0,0,2026-01-10
R0039,C0039,M039,EM039B,P04,DIAG,2026-01-10,3795.00,1897.00,PHP,PAID,10,0,0,2026-01-10
R0040,C0040,M040,EM040B,P05,CONSULT,2026-01-10,6618.00,3309.00,PHP,PENDING,11,0,0,2026-01-10
R0041,C0041,M041,EM041B,P06,DIAG,2026-01-11,4181.00,2090.00,PHP,DENIED,12,1,1,2026-01-11
R0042,C0042,M042,EM042B,P01,CONSULT,2026-01-11,4108.00,2054.00,PHP,PAID,13,1,0,2026-01-11
R0043,C0043,M043,EM043B,P02,DIAG,2026-01-11,1604.00,802.00,PHP,PENDING,14,0,0,2026-01-11
R0044,C0044,M044,EM044B,P03,CONSULT,2026-01-11,4399.00,2199.00,PHP,DENIED,15,0,0,2026-01-11
R0045,C0045,M045,EM045B,P04,DIAG,2026-01-12,8244.00,4122.00,PHP,PAID,1,0,0,2026-01-12
R0046,C0046,M046,EM046B,P05,CONSULT,2026-01-12,2045.00,1022.00,PHP,PENDING,2,1,0,2026-01-12
R0047,C0047,M047,EM047B,P06,DIAG,2026-01-12,8151.00,4075.00,PHP,DENIED,3,0,1,2026-01-12
R0048,C0048,M048,EM048B,P01,CONSULT,2026-01-12,2112.00,1056.00,PHP,PAID,4,1,0,2026-01-12
R0049,C0049,M049,EM049B,P02,DIAG,2026-01-13,2290.00,1145.00,PHP,PENDING,5,0,0,2026-01-13
R0050,C0050,M050,EM050B,P03,CONSULT,2026-01-13,7412.00,3706.00,PHP,DENIED,6,0,0,2026-01-13
R0051,C0051,M051,EM051B,P04,DIAG,2026-01-13,1735.00,867.00,PHP,PAID,7,0,0,2026-01-13
R0052,C0052,M052,EM052B,P05,CONSULT,2026-01-13,1328.00,664.00,PHP,PENDING,8,0,0,2026-01-13
R0053,C0053,M053,EM053B,P06,DIAG,2026-01-14,2028.00,1014.00,PHP,DENIED,9,0,0,2026-01-14
R0054,C0054,M054,EM054B,P01,CONSULT,2026-01-14,8456.00,4228.00,PHP,PAID,10,0,0,2026-01-14
R0055,C0055,M055,EM055B,P02,DIAG,2026-01-14,3197.00,1598.00,PHP,PENDING,11,0,0,2026-01-14
R0056,C0056,M056,EM056B,P03,CONSULT,2026-01-14,7954.00,3977.00,PHP,DENIED,12,0,0,2026-01-14
R0057,C0057,M057,EM057B,P04,DIAG,2026-01-15,8473.00,4236.00,PHP,PAID,13,1,0,2026-01-15
R0058,C0058,M058,EM058B,P05,CONSULT,2026-01-15,1498.00,749.00,PHP,PENDING,14,0,1,2026-01-15
R0059,C0059,M059,EM059B,P06,DIAG,2026-01-15,8738.00,4369.00,PHP,DENIED,15,0,0,2026-01-15
R0060,C0060,M060,EM060B,P01,CONSULT,2026-01-15,8820.00,4410.00,PHP,PAID,1,1,0,2026-01-15
R0061,C0061,M001,EM001B,P02,DIAG,2026-01-16,4353.00,2176.00,PHP,PENDING,2,0,0,2026-01-16
R0062,C0062,M002,EM002B,P03,CONSULT,2026-01-16,1151.00,575.00,PHP,DENIED,3,0,0,2026-01-16
R0063,C0063,M003,EM003B,P04,DIAG,2026-01-16,5683.00,2841.00,PHP,PAID,4,0,0,2026-01-16
R0064,C0064,M004,EM004B,P05,CONSULT,2026-01-16,4410.00,2205.00,PHP,PENDING,5,0,0,2026-01-16
R0065,C0065,M005,EM005B,P06,DIAG,2026-01-17,7991.00,3995.00,PHP,DENIED,6,0,0,2026-01-17
R0066,C0066,M006,EM006B,P01,CONSULT,2026-01-17,8008.00,4004.00,PHP,PAID,7,0,0,2026-01-17
R0067,C0067,M007,EM007B,P02,DIAG,2026-01-17,3992.00,1996.00,PHP,PENDING,8,0,0,2026-01-17
R0068,C0068,M008,EM008B,P03,CONSULT,2026-01-17,1627.00,813.00,PHP,DENIED,9,0,0,2026-01-17
R0069,C0069,M009,EM009B,P04,DIAG,2026-01-18,5456.00,2728.00,PHP,PAID,10,0,0,2026-01-18
R0070,C0070,M010,EM010B,P05,CONSULT,2026-01-18,628.00,314.00,PHP,PENDING,11,0,0,2026-01-18
R0071,C0071,M011,EM011B,P06,DIAG,2026-01-18,2197.00,1098.00,PHP,DENIED,12,0,0,2026-01-18
R0072,C0072,M012,EM012B,P01,CONSULT,2026-01-18,2253.00,1126.00,PHP,PAID,13,0,0,2026-01-18
R0073,C0073,M013,EM013B,P02,DIAG,2026-01-19,3950.00,1975.00,PHP,PENDING,14,0,0,2026-01-19
R0074,C0074,M014,EM014B,P03,CONSULT,2026-01-19,4825.00,2412.00,PHP,DENIED,15,0,0,2026-01-19
R0075,C0075,M015,EM015B,P04,DIAG,2026-01-19,1332.00,666.00,PHP,PAID,1,1,0,2026-01-19
R0076,C0076,M016,EM016B,P05,CONSULT,2026-01-19,558.00,279.00,PHP,PENDING,2,0,0,2026-01-19
R0077,C0077,M017,EM017B,P06,DIAG,2026-01-20,3147.00,1573.00,PHP,DENIED,3,0,0,2026-01-20
R0078,C0078,M018,EM018B,P01,CONSULT,2026-01-20,658.00,329.00,PHP,PAID,4,1,0,2026-01-20
R0079,C0079,M019,EM019B,P02,DIAG,2026-01-20,2942.00,1471.00,PHP,PENDING,5,0,0,2026-01-20
R0080,C0080,M020,EM020B,P03,CONSULT,2026-01-20,2926.00,1463.00,PHP,DENIED,6,0,1,2026-01-20
R0081,C0081,M021,EM021B,P04,DIAG,2026-01-21,1153.00,576.00,PHP,PAID,7,0,0,2026-01-21
R0082,C0082,M022,EM022B,P05,CONSULT,2026-01-21,2184.00,1092.00,PHP,PENDING,8,0,0,2026-01-21
R0083,C0083,M023,EM023B,P06,DIAG,2026-01-21,3032.00,1516.00,PHP,DENIED,9,0,0,2026-01-21
R0084,C0084,M024,EM024B,P01,CONSULT,2026-01-21,3400.00,1700.00,PHP,PAID,10,0,1,2026-01-21
R0085,C0085,M025,EM025B,P02,DIAG,2026-01-22,5942.00,2971.00,PHP,PENDING,11,0,0,2026-01-22
R0086,C0086,M026,EM026B,P03,CONSULT,2026-01-22,4565.00,2282.00,PHP,DENIED,12,0,0,2026-01-22
R0087,C0087,M027,EM027B,P04,DIAG,2026-01-22,1134.00,567.00,PHP,PAID,13,0,0,2026-01-22
R0088,C0088,M028,EM028B,P05,CONSULT,2026-01-22,8041.00,4020.00,PHP,PENDING,14,0,0,2026-01-22
R0089,C0089,M029,EM029B,P06,DIAG,2026-01-23,4152.00,2076.00,PHP,DENIED,15,1,0,2026-01-23
R0090,C0090,M030,EM030B,P01,CONSULT,2026-01-23,1637.00,818.00,PHP,PAID,1,0,0,2026-01-23
R0091,C0091,M031,EM031B,P02,DIAG,2026-01-23,7048.00,3524.00,PHP,PENDING,2,0,0,2026-01-23
R0092,C0092,M032,EM032B,P03,CONSULT,2026-01-23,952.00,476.00,PHP,DENIED,3,1,0,2026-01-23
R0093,C0093,M033,EM033B,P04,DIAG,2026-01-24,4849.00,2424.00,PHP,PAID,4,1,0,2026-01-24
R0094,C0094,M034,EM034B,P05,CONSULT,2026-01-24,5639.00,2819.00,PHP,PENDING,5,0,0,2026-01-24
R0095,C0095,M035,EM035B,P06,DIAG,2026-01-24,3614.00,1807.00,PHP,DENIED,6,0,0,2026-01-24
R0096,C0096,M036,EM036B,P01,CONSULT,2026-01-24,3728.00,1864.00,PHP,PAID,7,0,1,2026-01-24
R0097,C0097,M037,EM037B,P02,DIAG,2026-01-25,5909.00,2954.00,PHP,PENDING,8,0,0,2026-01-25
R0098,C0098,M038,EM038B,P03,CONSULT,2026-01-25,5420.00,2710.00,PHP,DENIED,9,0,0,2026-01-25
R0099,C0099,M039,EM039B,P04,DIAG,2026-01-25,5344.00,2672.00,PHP,PAID,10,0,0,2026-01-25
R0100,C0100,M040,EM040B,P05,CONSULT,2026-01-25,6711.00,3355.00,PHP,PENDING,11,0,0,2026-01-25
R0101,C0101,M041,EM041B,P06,DIAG,2026-01-26,5430.00,2715.00,PHP,DENIED,12,0,0,2026-01-26
R0102,C0102,M042,EM042B,P01,CONSULT,2026-01-26,3943.00,1971.00,PHP,PAID,13,0,0,2026-01-26
R0103,C0103,M043,EM043B,P02,DIAG,2026-01-26,8118.00,4059.00,PHP,PENDING,14,0,0,2026-01-26
R0104,C0104,M044,EM044B,P03,CONSULT,2026-01-26,3280.00,1640.00,PHP,DENIED,15,0,0,2026-01-26
R0105,C0105,M045,EM045B,P04,DIAG,2026-01-27,5991.00,2995.00,PHP,PAID,1,1,0,2026-01-27
R0106,C0106,M046,EM046B,P05,CONSULT,2026-01-27,5585.00,2792.00,PHP,PENDING,2,0,0,2026-01-27
R0107,C0107,M047,EM047B,P06,DIAG,2026-01-27,4511.00,2255.00,PHP,DENIED,3,0,0,2026-01-27
R0108,C0108,M048,EM048B,P01,CONSULT,2026-01-27,7961.00,3980.00,PHP,PAID,4,0,0,2026-01-27
R0109,C0109,M049,EM049B,P02,DIAG,2026-01-28,6791.00,3395.00,PHP,PENDING,5,0,0,2026-01-28
R0110,C0110,M050,EM050B,P03,CONSULT,2026-01-28,590.00,295.00,PHP,DENIED,6,0,0,2026-01-28
R0111,C0111,M051,EM051B,P04,DIAG,2026-01-28,7465.00,3732.00,PHP,PAID,7,0,0,2026-01-28
R0112,C0112,M052,EM052B,P05,CONSULT,2026-01-28,8111.00,4055.00,PHP,PENDING,8,1,0,2026-01-28
R0113,C0113,M053,EM053B,P06,DIAG,2026-01-29,7978.00,3989.00,PHP,DENIED,9,1,0,2026-01-29
R0114,C0114,M054,EM054B,P01,CONSULT,2026-01-29,5698.00,2849.00,PHP,PAID,10,0,0,2026-01-29
R0115,C0115,M055,EM055B,P02,DIAG,2026-01-29,8770.00,4385.00,PHP,PENDING,11,0,0,2026-01-29
R0116,C0116,M056,EM056B,P03,CONSULT,2026-01-29,3107.00,1553.00,PHP,DENIED,12,0,0,2026-01-29
R0117,C0117,M057,EM057B,P04,DIAG,2026-01-30,4550.00,2275.00,PHP,PAID,13,0,0,2026-01-30
R0118,C0118,M058,EM058B,P05,CONSULT,2026-01-30,8439.00,4219.00,PHP,PENDING,14,0,0,2026-01-30
R0119,C0119,M059,EM059B,P06,DIAG,2026-01-30,5181.00,2590.00,PHP,DENIED,15,0,0,2026-01-30
R0120,C0120,M060,EM060B,P01,CONSULT,2026-01-30,1820.00,910.00,PHP,PAID,1,1,0,2026-01-30
R0121,C0121,M001,EM001B,P02,DIAG,2026-01-31,4005.00,2002.00,PHP,PENDING,2,1,0,2026-01-31
R0122,C0122,M002,EM002B,P03,CONSULT,2026-01-31,7312.00,3656.00,PHP,DENIED,3,1,0,2026-01-31
R0123,C0123,M003,EM003B,P04,DIAG,2026-01-31,820.00,410.00,PHP,PAID,4,0,0,2026-01-31
R0124,C0124,M004,EM004B,P05,CONSULT,2026-01-31,596.00,298.00,PHP,PENDING,5,0,0,2026-01-31
R0125,C0125,M005,EM005B,P06,DIAG,2026-02-01,7365.00,3682.00,PHP,DENIED,6,0,0,2026-02-01
R0126,C0126,M006,EM006B,P01,CONSULT,2026-02-01,4113.00,2056.00,PHP,PAID,7,0,0,2026-02-01
R0127,C0127,M007,EM007B,P02,DIAG,2026-02-01,6871.00,3435.00,PHP,PENDING,8,0,0,2026-02-01
R0128,C0128,M008,EM008B,P03,CONSULT,2026-02-01,3204.00,1602.00,PHP,DENIED,9,0,0,2026-02-01
R0129,C0129,M009,EM009B,P04,DIAG,2026-02-02,941.00,470.00,PHP,PAID,10,0,0,2026-02-02
R0130,C0130,M010,EM010B,P05,CONSULT,2026-02-02,1875.00,937.00,PHP,PENDING,11,0,0,2026-02-02
R0131,C0131,M011,EM011B,P06,DIAG,2026-02-02,1323.00,661.00,PHP,DENIED,12,0,0,2026-02-02
R0132,C0132,M012,EM012B,P01,CONSULT,2026-02-02,6029.00,3014.00,PHP,PAID,13,0,0,2026-02-02
R0133,C0133,M013,EM013B,P02,DIAG,2026-02-03,7406.00,3703.00,PHP,PENDING,14,0,1,2026-02-03
R0134,C0134,M014,EM014B,P03,CONSULT,2026-02-03,1353.00,676.00,PHP,DENIED,15,0,0,2026-02-03
R0135,C0135,M015,EM015B,P04,DIAG,2026-02-03,1159.00,579.00,PHP,PAID,1,0,0,2026-02-03
R0136,C0136,M016,EM016B,P05,CONSULT,2026-02-03,833.00,416.00,PHP,PENDING,2,0,0,2026-02-03
R0137,C0137,M017,EM017B,P06,DIAG,2026-02-04,2374.00,1187.00,PHP,DENIED,3,0,0,2026-02-04
R0138,C0138,M018,EM018B,P01,CONSULT,2026-02-04,6543.00,3271.00,PHP,PAID,4,1,0,2026-02-04
R0139,C0139,M019,EM019B,P02,DIAG,2026-02-04,2376.00,1188.00,PHP,PENDING,5,0,0,2026-02-04
R0140,C0140,M020,EM020B,P03,CONSULT,2026-02-04,920.00,460.00,PHP,DENIED,6,0,0,2026-02-04
R0141,C0141,M021,EM021B,P04,DIAG,2026-02-05,6649.00,3324.00,PHP,PAID,7,0,0,2026-02-05
R0142,C0142,M022,EM022B,P05,CONSULT,2026-02-05,4478.00,2239.00,PHP,PENDING,8,1,0,2026-02-05
R0143,C0143,M023,EM023B,P06,DIAG,2026-02-05,2483.00,1241.00,PHP,DENIED,9,0,0,2026-02-05
R0144,C0144,M024,EM024B,P01,CONSULT,2026-02-05,7518.00,3759.00,PHP,PAID,10,0,1,2026-02-05
R0145,C0145,M025,EM025B,P02,DIAG,2026-02-06,707.00,353.00,PHP,PENDING,11,0,0,2026-02-06
R0146,C0146,M026,EM026B,P03,CONSULT,2026-02-06,6434.00,3217.00,PHP,DENIED,12,0,0,2026-02-06
R0147,C0147,M027,EM027B,P04,DIAG,2026-02-06,7635.00,3817.00,PHP,PAID,13,1,0,2026-02-06
R0148,C0148,M028,EM028B,P05,CONSULT,2026-02-06,8421.00,4210.00,PHP,PENDING,14,0,0,2026-02-06
R0149,C0149,M029,EM029B,P06,DIAG,2026-02-07,5780.00,2890.00,PHP,DENIED,15,0,0,2026-02-07
R0150,C0150,M030,EM030B,P01,CONSULT,2026-02-07,7885.00,3942.00,PHP,PAID,1,0,0,2026-02-07
R0151,C0151,M031,EM031B,P02,DIAG,2026-02-07,6709.00,3354.00,PHP,PENDING,2,0,0,2026-02-07
R0152,C0152,M032,EM032B,P03,CONSULT,2026-02-07,8488.00,4244.00,PHP,DENIED,3,0,0,2026-02-07
R0153,C0153,M033,EM033B,P04,DIAG,2026-02-08,5026.00,2513.00,PHP,PAID,4,0,0,2026-02-08
R0154,C0154,M034,EM034B,P05,CONSULT,2026-02-08,4454.00,2227.00,PHP,PENDING,5,0,0,2026-02-08
R0155,C0155,M035,EM035B,P06,DIAG,2026-02-08,8300.00,4150.00,PHP,DENIED,6,0,0,2026-02-08
R0156,C0156,M036,EM036B,P01,CONSULT,2026-02-08,2024.00,1012.00,PHP,PAID,7,0,0,2026-02-08
R0157,C0157,M037,EM037B,P02,DIAG,2026-02-09,6546.00,3273.00,PHP,PENDING,8,0,0,2026-02-09
R0158,C0158,M038,EM038B,P03,CONSULT,2026-02-09,5919.00,2959.00,PHP,DENIED,9,0,0,2026-02-09
R0159,C0159,M039,EM039B,P04,DIAG,2026-02-09,4277.00,2138.00,PHP,PAID,10,1,0,2026-02-09
R0160,C0160,M040,EM040B,P05,CONSULT,2026-02-09,3533.00,1766.00,PHP,PENDING,11,0,0,2026-02-09
R0161,C0161,M041,EM041B,P06,DIAG,2026-02-10,5136.00,2568.00,PHP,DENIED,12,0,0,2026-02-10
R0162,C0162,M042,EM042B,P01,CONSULT,2026-02-10,6412.00,3206.00,PHP,PAID,13,1,1,2026-02-10
R0163,C0163,M043,EM043B,P02,DIAG,2026-02-10,4994.00,2497.00,PHP,PENDING,14,1,1,2026-02-10
R0164,C0164,M044,EM044B,P03,CONSULT,2026-02-10,2568.00,1284.00,PHP,DENIED,15,0,0,2026-02-10
R0165,C0165,M045,EM045B,P04,DIAG,2026-02-11,700.00,350.00,PHP,PAID,1,0,0,2026-02-11
R0166,C0166,M046,EM046B,P05,CONSULT,2026-02-11,3520.00,1760.00,PHP,PENDING,2,0,0,2026-02-11
R0167,C0167,M047,EM047B,P06,DIAG,2026-02-11,2369.00,1184.00,PHP,DENIED,3,0,0,2026-02-11
R0168,C0168,M048,EM048B,P01,CONSULT,2026-02-11,1378.00,689.00,PHP,PAID,4,1,0,2026-02-11
R0169,C0169,M049,EM049B,P02,DIAG,2026-02-12,1895.00,947.00,PHP,PENDING,5,0,0,2026-02-12
R0170,C0170,M050,EM050B,P03,CONSULT,2026-02-12,4197.00,2098.00,PHP,DENIED,6,0,0,2026-02-12
R0171,C0171,M051,EM051B,P04,DIAG,2026-02-12,5371.00,2685.00,PHP,PAID,7,0,0,2026-02-12
R0172,C0172,M052,EM052B,P05,CONSULT,2026-02-12,1486.00,743.00,PHP,PENDING,8,0,0,2026-02-12
R0173,C0173,M053,EM053B,P06,DIAG,2026-02-13,3904.00,1952.00,PHP,DENIED,9,0,0,2026-02-13
R0174,C0174,M054,EM054B,P01,CONSULT,2026-02-13,4429.00,2214.00,PHP,PAID,10,1,1,2026-02-13
R0175,C0175,M055,EM055B,P02,DIAG,2026-02-13,7881.00,3940.00,PHP,PENDING,11,0,0,2026-02-13
R0176,C0176,M056,EM056B,P03,CONSULT,2026-02-13,5220.00,2610.00,PHP,DENIED,12,0,0,2026-02-13
R0177,C0177,M057,EM057B,P04,DIAG,2026-02-14,4324.00,2162.00,PHP,PAID,13,0,0,2026-02-14
R0178,C0178,M058,EM058B,P05,CONSULT,2026-02-14,3741.00,1870.00,PHP,PENDING,14,0,0,2026-02-14
R0179,C0179,M059,EM059B,P06,DIAG,2026-02-14,4852.00,2426.00,PHP,DENIED,15,0,1,2026-02-14
R0180,C0180,M060,EM060B,P01,CONSULT,2026-02-14,5539.00,2769.00,PHP,PAID,1,0,0,2026-02-14
R0181,C0181,M001,EM001B,P02,DIAG,2026-02-15,7695.00,3847.00,PHP,PENDING,2,1,0,2026-02-15
R0182,C0182,M002,EM002B,P03,CONSULT,2026-02-15,4960.00,2480.00,PHP,DENIED,3,0,0,2026-02-15
R0183,C0183,M003,EM003B,P04,DIAG,2026-02-15,1153.00,576.00,PHP,PAID,4,0,0,2026-02-15
R0184,C0184,M004,EM004B,P05,CONSULT,2026-02-15,923.00,461.00,PHP,PENDING,5,1,0,2026-02-15
R0185,C0185,M005,EM005B,P06,DIAG,2026-02-16,839.00,419.00,PHP,DENIED,6,0,0,2026-02-16
R0186,C0186,M006,EM006B,P01,CONSULT,2026-02-16,1159.00,579.00,PHP,PAID,7,0,0,2026-02-16
R0187,C0187,M007,EM007B,P02,DIAG,2026-02-16,7745.00,3872.00,PHP,PENDING,8,0,0,2026-02-16
R0188,C0188,M008,EM008B,P03,CONSULT,2026-02-16,8556.00,4278.00,PHP,DENIED,9,0,0,2026-02-16
R0189,C0189,M009,EM009B,P04,DIAG,2026-02-17,5760.00,2880.00,PHP,PAID,10,0,0,2026-02-17
R0190,C0190,M010,EM010B,P05,CONSULT,2026-02-17,8617.00,4308.00,PHP,PENDING,11,0,0,2026-02-17
R0191,C0191,M011,EM011B,P06,DIAG,2026-02-17,1101.00,550.00,PHP,DENIED,12,0,0,2026-02-17
R0192,C0192,M012,EM012B,P01,CONSULT,2026-02-17,7122.00,3561.00,PHP,PAID,13,0,0,2026-02-17
R0193,C0193,M013,EM013B,P02,DIAG,2026-02-18,8069.00,4034.00,PHP,PENDING,14,0,0,2026-02-18
R0194,C0194,M014,EM014B,P03,CONSULT,2026-02-18,8667.00,4333.00,PHP,DENIED,15,0,0,2026-02-18
R0195,C0195,M015,EM015B,P04,DIAG,2026-02-18,2646.00,1323.00,PHP,PAID,1,0,0,2026-02-18
R0196,C0196,M016,EM016B,P05,CONSULT,2026-02-18,2489.00,1244.00,PHP,PENDING,2,1,0,2026-02-18
R0197,C0197,M017,EM017B,P06,DIAG,2026-02-19,3094.00,1547.00,PHP,DENIED,3,0,1,2026-02-19
R0198,C0198,M018,EM018B,P01,CONSULT,2026-02-19,4181.00,2090.00,PHP,PAID,4,0,0,2026-02-19
R0199,C0199,M019,EM019B,P02,DIAG,2026-02-19,2424.00,1212.00,PHP,PENDING,5,0,0,2026-02-19
R0200,C0200,M020,EM020B,P03,CONSULT,2026-02-19,5281.00,2640.00,PHP,DENIED,6,0,0,2026-02-19
R0201,C0201,M021,EM021B,P04,DIAG,2026-02-20,8236.00,4118.00,PHP,PAID,7,0,0,2026-02-20
R0202,C0202,M022,EM022B,P05,CONSULT,2026-02-20,8827.00,4413.00,PHP,PENDING,8,0,0,2026-02-20
R0203,C0203,M023,EM023B,P06,DIAG,2026-02-20,7298.00,3649.00,PHP,DENIED,9,0,0,2026-02-20
R0204,C0204,M024,EM024B,P01,CONSULT,2026-02-20,542.00,271.00,PHP,PAID,10,0,0,2026-02-20
R0205,C0205,M025,EM025B,P02,DIAG,2026-02-21,8522.00,4261.00,PHP,PENDING,11,0,0,2026-02-21
R0206,C0206,M026,EM026B,P03,CONSULT,2026-02-21,5946.00,2973.00,PHP,DENIED,12,0,0,2026-02-21
R0207,C0207,M027,EM027B,P04,DIAG,2026-02-21,5772.00,2886.00,PHP,PAID,13,0,0,2026-02-21
R0208,C0208,M028,EM028B,P05,CONSULT,2026-02-21,6774.00,3387.00,PHP,PENDING,14,0,0,2026-02-21
R0209,C0209,M029,EM029B,P06,DIAG,2026-02-22,8249.00,4124.00,PHP,DENIED,15,0,0,2026-02-22
R0210,C0210,M030,EM030B,P01,CONSULT,2026-02-22,2992.00,1496.00,PHP,PAID,1,0,1,2026-02-22
R0211,C0211,M031,EM031B,P02,DIAG,2026-02-22,5939.00,2969.00,PHP,PENDING,2,0,0,2026-02-22
R0212,C0212,M032,EM032B,P03,CONSULT,2026-02-22,7986.00,3993.00,PHP,DENIED,3,1,0,2026-02-22
R0213,C0213,M033,EM033B,P04,DIAG,2026-02-23,3029.00,1514.00,PHP,PAID,4,1,0,2026-02-23
R0214,C0214,M034,EM034B,P05,CONSULT,2026-02-23,7012.00,3506.00,PHP,PENDING,5,0,0,2026-02-23
R0215,C0215,M035,EM035B,P06,DIAG,2026-02-23,6726.00,3363.00,PHP,DENIED,6,0,0,2026-02-23
R0216,C0216,M036,EM036B,P01,CONSULT,2026-02-23,8494.00,4247.00,PHP,PAID,7,0,1,2026-02-23
R0217,C0217,M037,EM037B,P02,DIAG,2026-02-24,5208.00,2604.00,PHP,PENDING,8,0,0,2026-02-24
R0218,C0218,M038,EM038B,P03,CONSULT,2026-02-24,2112.00,1056.00,PHP,DENIED,9,0,0,2026-02-24
R0219,C0219,M039,EM039B,P04,DIAG,2026-02-24,3225.00,1612.00,PHP,PAID,10,0,0,2026-02-24
R0220,C0220,M040,EM040B,P05,CONSULT,2026-02-24,1419.00,709.00,PHP,PENDING,11,0,0,2026-02-24
R0221,C0221,M041,EM041B,P06,DIAG,2026-02-25,7251.00,3625.00,PHP,DENIED,12,0,0,2026-02-25
R0222,C0222,M042,EM042B,P01,CONSULT,2026-02-25,1793.00,896.00,PHP,PAID,13,0,0,2026-02-25
R0223,C0223,M043,EM043B,P02,DIAG,2026-02-25,8653.00,4326.00,PHP,PENDING,14,0,0,2026-02-25
R0224,C0224,M044,EM044B,P03,CONSULT,2026-02-25,4661.00,2330.00,PHP,DENIED,15,0,0,2026-02-25
R0225,C0225,M045,EM045B,P04,DIAG,2026-02-26,8122.00,4061.00,PHP,PAID,1,0,0,2026-02-26
R0226,C0226,M046,EM046B,P05,CONSULT,2026-02-26,7737.00,3868.00,PHP,PENDING,2,0,0,2026-02-26
R0227,C0227,M047,EM047B,P06,DIAG,2026-02-26,7451.00,3725.00,PHP,DENIED,3,0,0,2026-02-26
R0228,C0228,M048,EM048B,P01,CONSULT,2026-02-26,6802.00,3401.00,PHP,PAID,4,0,0,2026-02-26
R0229,C0229,M049,EM049B,P02,DIAG,2026-02-27,6381.00,3190.00,PHP,PENDING,5,0,0,2026-02-27
R0230,C0230,M050,EM050B,P03,CONSULT,2026-02-27,6984.00,3492.00,PHP,DENIED,6,0,0,2026-02-27
R0231,C0231,M051,EM051B,P04,DIAG,2026-02-27,1303.00,651.00,PHP,PAID,7,0,0,2026-02-27
R0232,C0232,M052,EM052B,P05,CONSULT,2026-02-27,5189.00,2594.00,PHP,PENDING,8,0,0,2026-02-27
R0233,C0233,M053,EM053B,P06,DIAG,2026-02-28,4088.00,2044.00,PHP,DENIED,9,0,0,2026-02-28
R0234,C0234,M054,EM054B,P01,CONSULT,2026-02-28,2740.00,1370.00,PHP,PAID,10,0,0,2026-02-28
R0235,C0235,M055,EM055B,P02,DIAG,2026-02-28,5561.00,2780.00,PHP,PENDING,11,0,1,2026-02-28
R0236,C0236,M056,EM056B,P03,CONSULT,2026-02-28,2653.00,1326.00,PHP,DENIED,12,1,0,2026-02-28
R0237,C0237,M057,EM057B,P04,DIAG,2026-03-01,3377.00,1688.00,PHP,PAID,13,0,0,2026-03-01
R0238,C0238,M058,EM058B,P05,CONSULT,2026-03-01,6494.00,3247.00,PHP,PENDING,14,0,0,2026-03-01
R0239,C0239,M059,EM059B,P06,DIAG,2026-03-01,4710.00,2355.00,PHP,DENIED,15,0,0,2026-03-01
R0240,C0240,M060,EM060B,P01,CONSULT,2026-03-01,5335.00,2667.00,PHP,PAID,1,0,0,2026-03-01
R0241,C0241,M001,EM001B,P02,DIAG,2026-03-02,1733.00,866.00,PHP,PENDING,2,1,0,2026-03-02
R0242,C0242,M002,EM002B,P03,CONSULT,2026-03-02,7011.00,3505.00,PHP,DENIED,3,0,0,2026-03-02
R0243,C0243,M003,EM003B,P04,DIAG,2026-03-02,6964.00,3482.00,PHP,PAID,4,1,0,2026-03-02
R0244,C0244,M004,EM004B,P05,CONSULT,2026-03-02,4795.00,2397.00,PHP,PENDING,5,0,0,2026-03-02
R0245,C0245,M005,EM005B,P06,DIAG,2026-03-03,2275.00,1137.00,PHP,DENIED,6,0,0,2026-03-03
R0246,C0246,M006,EM006B,P01,CONSULT,2026-03-03,5874.00,2937.00,PHP,PAID,7,0,0,2026-03-03
R0247,C0247,M007,EM007B,P02,DIAG,2026-03-03,8106.00,4053.00,PHP,PENDING,8,0,0,2026-03-03
R0248,C0248,M008,EM008B,P03,CONSULT,2026-03-03,2790.00,1395.00,PHP,DENIED,9,1,1,2026-03-03
R0249,C0249,M009,EM009B,P04,DIAG,2026-03-04,2402.00,1201.00,PHP,PAID,10,1,0,2026-03-04
R0250,C0250,M010,EM010B,P05,CONSULT,2026-03-04,7932.00,3966.00,PHP,PENDING,11,0,0,2026-03-04
R0251,C0251,M011,EM011B,P06,DIAG,2026-03-04,7366.00,3683.00,PHP,DENIED,12,0,0,2026-03-04
R0252,C0252,M012,EM012B,P01,CONSULT,2026-03-04,2122.00,1061.00,PHP,PAID,13,0,0,2026-03-04
R0253,C0253,M013,EM013B,P02,DIAG,2026-03-05,5083.00,2541.00,PHP,PENDING,14,1,0,2026-03-05
R0254,C0254,M014,EM014B,P03,CONSULT,2026-03-05,4368.00,2184.00,PHP,DENIED,15,0,0,2026-03-05
R0255,C0255,M015,EM015B,P04,DIAG,2026-03-05,6376.00,3188.00,PHP,PAID,1,1,0,2026-03-05
R0256,C0256,M016,EM016B,P05,CONSULT,2026-03-05,7950.00,3975.00,PHP,PENDING,2,1,0,2026-03-05
R0257,C0257,M017,EM017B,P06,DIAG,2026-03-06,849.00,424.00,PHP,DENIED,3,1,0,2026-03-06
R0258,C0258,M018,EM018B,P01,CONSULT,2026-03-06,3862.00,1931.00,PHP,PAID,4,1,0,2026-03-06
R0259,C0259,M019,EM019B,P02,DIAG,2026-03-06,4038.00,2019.00,PHP,PENDING,5,0,0,2026-03-06
R0260,C0260,M020,EM020B,P03,CONSULT,2026-03-06,546.00,273.00,PHP,DENIED,6,0,0,2026-03-06
R0261,C0261,M021,EM021B,P04,DIAG,2026-03-07,4606.00,2303.00,PHP,PAID,7,0,0,2026-03-07
R0262,C0262,M022,EM022B,P05,CONSULT,2026-03-07,2659.00,1329.00,PHP,PENDING,8,1,0,2026-03-07
R0263,C0263,M023,EM023B,P06,DIAG,2026-03-07,5804.00,2902.00,PHP,DENIED,9,1,0,2026-03-07
R0264,C0264,M024,EM024B,P01,CONSULT,2026-03-07,7397.00,3698.00,PHP,PAID,10,0,0,2026-03-07
R0265,C0265,M025,EM025B,P02,DIAG,2026-03-08,6431.00,3215.00,PHP,PENDING,11,0,0,2026-03-08
R0266,C0266,M026,EM026B,P03,CONSULT,2026-03-08,1210.00,605.00,PHP,DENIED,12,0,0,2026-03-08
R0267,C0267,M027,EM027B,P04,DIAG,2026-03-08,5441.00,2720.00,PHP,PAID,13,0,0,2026-03-08
R0268,C0268,M028,EM028B,P05,CONSULT,2026-03-08,8347.00,4173.00,PHP,PENDING,14,0,0,2026-03-08
R0269,C0269,M029,EM029B,P06,DIAG,2026-03-09,7767.00,3883.00,PHP,DENIED,15,1,1,2026-03-09
R0270,C0270,M030,EM030B,P01,CONSULT,2026-03-09,1576.00,788.00,PHP,PAID,1,1,0,2026-03-09
R0271,C0271,M031,EM031B,P02,DIAG,2026-03-09,5827.00,2913.00,PHP,PENDING,2,0,0,2026-03-09
R0272,C0272,M032,EM032B,P03,CONSULT,2026-03-09,8782.00,4391.00,PHP,DENIED,3,0,0,2026-03-09
R0273,C0273,M033,EM033B,P04,DIAG,2026-03-10,4022.00,2011.00,PHP,PAID,4,0,0,2026-03-10
R0274,C0274,M034,EM034B,P05,CONSULT,2026-03-10,7930.00,3965.00,PHP,PENDING,5,0,0,2026-03-10
R0275,C0275,M035,EM035B,P06,DIAG,2026-03-10,5620.00,2810.00,PHP,DENIED,6,0,0,2026-03-10
R0276,C0276,M036,EM036B,P01,CONSULT,2026-03-10,8270.00,4135.00,PHP,PAID,7,1,0,2026-03-10
R0277,C0277,M037,EM037B,P02,DIAG,2026-03-11,2082.00,1041.00,PHP,PENDING,8,0,0,2026-03-11
R0278,C0278,M038,EM038B,P03,CONSULT,2026-03-11,1482.00,741.00,PHP,DENIED,9,0,0,2026-03-11
R0279,C0279,M039,EM039B,P04,DIAG,2026-03-11,2502.00,1251.00,PHP,PAID,10,0,0,2026-03-11
R0280,C0280,M040,EM040B,P05,CONSULT,2026-03-11,7429.00,3714.00,PHP,PENDING,11,0,0,2026-03-11
R0281,C0281,M041,EM041B,P06,DIAG,2026-03-12,5619.00,2809.00,PHP,DENIED,12,0,0,2026-03-12
R0282,C0282,M042,EM042B,P01,CONSULT,2026-03-12,8400.00,4200.00,PHP,PAID,13,0,0,2026-03-12
R0283,C0283,M043,EM043B,P02,DIAG,2026-03-12,6522.00,3261.00,PHP,PENDING,14,1,0,2026-03-12
R0284,C0284,M044,EM044B,P03,CONSULT,2026-03-12,7530.00,3765.00,PHP,DENIED,15,0,0,2026-03-12
R0285,C0285,M045,EM045B,P04,DIAG,2026-03-13,930.00,465.00,PHP,PAID,1,0,0,2026-03-13
R0286,C0286,M046,EM046B,P05,CONSULT,2026-03-13,974.00,487.00,PHP,PENDING,2,0,0,2026-03-13
R0287,C0287,M047,EM047B,P06,DIAG,2026-03-13,6067.00,3033.00,PHP,DENIED,3,0,0,2026-03-13
R0288,C0288,M048,EM048B,P01,CONSULT,2026-03-13,7066.00,3533.00,PHP,PAID,4,1,0,2026-03-13
R0289,C0289,M049,EM049B,P02,DIAG,2026-03-14,2003.00,1001.00,PHP,PENDING,5,0,0,2026-03-14
R0290,C0290,M050,EM050B,P03,CONSULT,2026-03-14,6085.00,3042.00,PHP,DENIED,6,1,0,2026-03-14
R0291,C0291,M051,EM051B,P04,DIAG,2026-03-14,1891.00,945.00,PHP,PAID,7,0,0,2026-03-14
R0292,C0292,M052,EM052B,P05,CONSULT,2026-03-14,1315.00,657.00,PHP,PENDING,8,0,0,2026-03-14
R0293,C0293,M053,EM053B,P06,DIAG,2026-03-15,8457.00,4228.00,PHP,DENIED,9,0,0,2026-03-15
R0294,C0294,M054,EM054B,P01,CONSULT,2026-03-15,8894.00,4447.00,PHP,PAID,10,1,0,2026-03-15
R0295,C0295,M055,EM055B,P02,DIAG,2026-03-15,8472.00,4236.00,PHP,PENDING,11,0,0,2026-03-15
R0296,C0296,M056,EM056B,P03,CONSULT,2026-03-15,1397.00,698.00,PHP,DENIED,12,1,0,2026-03-15
R0297,C0297,M057,EM057B,P04,DIAG,2026-03-16,2748.00,1374.00,PHP,PAID,13,0,0,2026-03-16
R0298,C0298,M058,EM058B,P05,CONSULT,2026-03-16,8649.00,4324.00,PHP,PENDING,14,0,0,2026-03-16
R0299,C0299,M059,EM059B,P06,DIAG,2026-03-16,4270.00,2135.00,PHP,DENIED,15,0,0,2026-03-16
R0300,C0300,M060,EM060B,P01,CONSULT,2026-03-16,1680.00,840.00,PHP,PAID,1,0,0,2026-03-16
R0301,C0301,M001,EM001B,P02,DIAG,2026-03-17,8032.00,4016.00,PHP,PENDING,2,0,0,2026-03-17
R0302,C0302,M002,EM002B,P03,CONSULT,2026-03-17,7126.00,3563.00,PHP,DENIED,3,0,0,2026-03-17
R0303,C0303,M003,EM003B,P04,DIAG,2026-03-17,841.00,420.00,PHP,PAID,4,0,0,2026-03-17
R0304,C0304,M004,EM004B,P05,CONSULT,2026-03-17,8038.00,4019.00,PHP,PENDING,5,0,0,2026-03-17
R0305,C0305,M005,EM005B,P06,DIAG,2026-03-18,2234.00,1117.00,PHP,DENIED,6,0,0,2026-03-18
R0306,C0306,M006,EM006B,P01,CONSULT,2026-03-18,6984.00,3492.00,PHP,PAID,7,0,0,2026-03-18
R0307,C0307,M007,EM007B,P02,DIAG,2026-03-18,3254.00,1627.00,PHP,PENDING,8,1,0,2026-03-18
R0308,C0308,M008,EM008B,P03,CONSULT,2026-03-18,3676.00,1838.00,PHP,DENIED,9,0,0,2026-03-18
R0309,C0309,M009,EM009B,P04,DIAG,2026-03-19,2919.00,1459.00,PHP,PAID,10,0,0,2026-03-19
R0310,C0310,M010,EM010B,P05,CONSULT,2026-03-19,3004.00,1502.00,PHP,PENDING,11,0,0,2026-03-19
R0311,C0311,M011,EM011B,P06,DIAG,2026-03-19,8595.00,4297.00,PHP,DENIED,12,0,0,2026-03-19
R0312,C0312,M012,EM012B,P01,CONSULT,2026-03-19,5795.00,2897.00,PHP,PAID,13,0,0,2026-03-19
R0313,C0313,M013,EM013B,P02,DIAG,2026-03-20,1618.00,809.00,PHP,PENDING,14,0,0,2026-03-20
R0314,C0314,M014,EM014B,P03,CONSULT,2026-03-20,1420.00,710.00,PHP,DENIED,15,0,1,2026-03-20
R0315,C0315,M015,EM015B,P04,DIAG,2026-03-20,1116.00,558.00,PHP,PAID,1,1,0,2026-03-20
R0316,C0316,M016,EM016B,P05,CONSULT,2026-03-20,1979.00,989.00,PHP,PENDING,2,0,0,2026-03-20
R0317,C0317,M017,EM017B,P06,DIAG,2026-03-21,1172.00,586.00,PHP,DENIED,3,0,0,2026-03-21
R0318,C0318,M018,EM018B,P01,CONSULT,2026-03-21,5767.00,2883.00,PHP,PAID,4,0,0,2026-03-21
R0319,C0319,M019,EM019B,P02,DIAG,2026-03-21,7881.00,3940.00,PHP,PENDING,5,1,0,2026-03-21
R0320,C0320,M020,EM020B,P03,CONSULT,2026-03-21,1881.00,940.00,PHP,DENIED,6,0,0,2026-03-21
R0321,C0321,M021,EM021B,P04,DIAG,2026-03-22,7672.00,3836.00,PHP,PAID,7,0,0,2026-03-22
R0322,C0322,M022,EM022B,P05,CONSULT,2026-03-22,6462.00,3231.00,PHP,PENDING,8,0,0,2026-03-22
R0323,C0323,M023,EM023B,P06,DIAG,2026-03-22,6043.00,3021.00,PHP,DENIED,9,0,1,2026-03-22
R0324,C0324,M024,EM024B,P01,CONSULT,2026-03-22,5982.00,2991.00,PHP,PAID,10,1,0,2026-03-22
R0325,C0325,M025,EM025B,P02,DIAG,2026-03-23,5155.00,2577.00,PHP,PENDING,11,0,0,2026-03-23
R0326,C0326,M026,EM026B,P03,CONSULT,2026-03-23,2963.00,1481.00,PHP,DENIED,12,0,0,2026-03-23
R0327,C0327,M027,EM027B,P04,DIAG,2026-03-23,6231.00,3115.00,PHP,PAID,13,0,0,2026-03-23
R0328,C0328,M028,EM028B,P05,CONSULT,2026-03-23,2612.00,1306.00,PHP,PENDING,14,0,0,2026-03-23
R0329,C0329,M029,EM029B,P06,DIAG,2026-03-24,6671.00,3335.00,PHP,DENIED,15,0,0,2026-03-24
R0330,C0330,M030,EM030B,P01,CONSULT,2026-03-24,2031.00,1015.00,PHP,PAID,1,0,0,2026-03-24
R0331,C0331,M031,EM031B,P02,DIAG,2026-03-24,6440.00,3220.00,PHP,PENDING,2,0,0,2026-03-24
R0332,C0332,M032,EM032B,P03,CONSULT,2026-03-24,8467.00,4233.00,PHP,DENIED,3,0,0,2026-03-24
R0333,C0333,M033,EM033B,P04,DIAG,2026-03-25,5346.00,2673.00,PHP,PAID,4,0,0,2026-03-25
R0334,C0334,M034,EM034B,P05,CONSULT,2026-03-25,1118.00,559.00,PHP,PENDING,5,0,0,2026-03-25
R0335,C0335,M035,EM035B,P06,DIAG,2026-03-25,6672.00,3336.00,PHP,DENIED,6,1,0,2026-03-25
R0336,C0336,M036,EM036B,P01,CONSULT,2026-03-25,3212.00,1606.00,PHP,PAID,7,0,1,2026-03-25
R0337,C0337,M037,EM037B,P02,DIAG,2026-03-26,4391.00,2195.00,PHP,PENDING,8,0,0,2026-03-26
R0338,C0338,M038,EM038B,P03,CONSULT,2026-03-26,7855.00,3927.00,PHP,DENIED,9,0,0,2026-03-26
R0339,C0339,M039,EM039B,P04,DIAG,2026-03-26,8184.00,4092.00,PHP,PAID,10,0,0,2026-03-26
R0340,C0340,M040,EM040B,P05,CONSULT,2026-03-26,7718.00,3859.00,PHP,PENDING,11,0,0,2026-03-26
R0341,C0341,M041,EM041B,P06,DIAG,2026-03-27,7359.00,3679.00,PHP,DENIED,12,0,0,2026-03-27
R0342,C0342,M042,EM042B,P01,CONSULT,2026-03-27,2767.00,1383.00,PHP,PAID,13,0,1,2026-03-27
R0343,C0343,M043,EM043B,P02,DIAG,2026-03-27,6581.00,3290.00,PHP,PENDING,14,0,0,2026-03-27
R0344,C0344,M044,EM044B,P03,CONSULT,2026-03-27,2542.00,1271.00,PHP,DENIED,15,0,0,2026-03-27
R0345,C0345,M045,EM045B,P04,DIAG,2026-03-28,8910.00,4455.00,PHP,PAID,1,1,0,2026-03-28
R0346,C0346,M046,EM046B,P05,CONSULT,2026-03-28,4137.00,2068.00,PHP,PENDING,2,0,0,2026-03-28
R0347,C0347,M047,EM047B,P06,DIAG,2026-03-28,7297.00,3648.00,PHP,DENIED,3,1,0,2026-03-28
R0348,C0348,M048,EM048B,P01,CONSULT,2026-03-28,1837.00,918.00,PHP,PAID,4,0,1,2026-03-28
R0349,C0349,M049,EM049B,P02,DIAG,2026-03-29,5993.00,2996.00,PHP,PENDING,5,0,0,2026-03-29
R0350,C0350,M050,EM050B,P03,CONSULT,2026-03-29,8240.00,4120.00,PHP,DENIED,6,0,0,2026-03-29
R0351,C0351,M051,EM051B,P04,DIAG,2026-03-29,7849.00,3924.00,PHP,PAID,7,0,0,2026-03-29
R0352,C0352,M052,EM052B,P05,CONSULT,2026-03-29,4033.00,2016.00,PHP,PENDING,8,0,0,2026-03-29
R0353,C0353,M053,EM053B,P06,DIAG,2026-03-30,7434.00,3717.00,PHP,DENIED,9,1,0,2026-03-30
R0354,C0354,M054,EM054B,P01,CONSULT,2026-03-30,1282.00,641.00,PHP,PAID,10,0,0,2026-03-30
R0355,C0355,M055,EM055B,P02,DIAG,2026-03-30,1529.00,764.00,PHP,PENDING,11,1,0,2026-03-30
R0356,C0356,M056,EM056B,P03,CONSULT,2026-03-30,769.00,384.00,PHP,DENIED,12,0,0,2026-03-30
R0357,C0357,M057,EM057B,P04,DIAG,2026-03-31,5272.00,2636.00,PHP,PAID,13,0,0,2026-03-31
R0358,C0358,M058,EM058B,P05,CONSULT,2026-03-31,7325.00,3662.00,PHP,PENDING,14,0,0,2026-03-31
R0359,C0359,M059,EM059B,P06,DIAG,2026-03-31,6408.00,3204.00,PHP,DENIED,15,1,0,2026-03-31
R0360,C0360,M060,EM060B,P01,CONSULT,2026-03-31,8816.00,4408.00,PHP,PAID,1,0,0,2026-03-31
R0361,C0361,M001,EM001B,P02,DIAG,2026-04-01,6838.00,3419.00,PHP,PENDING,2,0,0,2026-04-01
R0362,C0362,M002,EM002B,P03,CONSULT,2026-04-01,1606.00,803.00,PHP,DENIED,3,0,0,2026-04-01
R0363,C0363,M003,EM003B,P04,DIAG,2026-04-01,5947.00,2973.00,PHP,PAID,4,1,0,2026-04-01
R0364,C0364,M004,EM004B,P05,CONSULT,2026-04-01,3368.00,1684.00,PHP,PENDING,5,0,0,2026-04-01
R0365,C0365,M005,EM005B,P06,DIAG,2026-04-02,8340.00,4170.00,PHP,DENIED,6,0,0,2026-04-02
R0366,C0366,M006,EM006B,P01,CONSULT,2026-04-02,7998.00,3999.00,PHP,PAID,7,1,0,2026-04-02
R0367,C0367,M007,EM007B,P02,DIAG,2026-04-02,1186.00,593.00,PHP,PENDING,8,0,0,2026-04-02
R0368,C0368,M008,EM008B,P03,CONSULT,2026-04-02,8256.00,4128.00,PHP,DENIED,9,0,0,2026-04-02
R0369,C0369,M009,EM009B,P04,DIAG,2026-04-03,6348.00,3174.00,PHP,PAID,10,0,1,2026-04-03
R0370,C0370,M010,EM010B,P05,CONSULT,2026-04-03,4976.00,2488.00,PHP,PENDING,11,1,0,2026-04-03
R0371,C0371,M011,EM011B,P06,DIAG,2026-04-03,7704.00,3852.00,PHP,DENIED,12,0,0,2026-04-03
R0372,C0372,M012,EM012B,P01,CONSULT,2026-04-03,8629.00,4314.00,PHP,PAID,13,0,0,2026-04-03
R0373,C0373,M013,EM013B,P02,DIAG,2026-04-04,4869.00,2434.00,PHP,PENDING,14,0,0,2026-04-04
R0374,C0374,M014,EM014B,P03,CONSULT,2026-04-04,3456.00,1728.00,PHP,DENIED,15,0,0,2026-04-04
R0375,C0375,M015,EM015B,P04,DIAG,2026-04-04,5343.00,2671.00,PHP,PAID,1,0,0,2026-04-04
R0376,C0376,M016,EM016B,P05,CONSULT,2026-04-04,7772.00,3886.00,PHP,PENDING,2,0,1,2026-04-04
R0377,C0377,M017,EM017B,P06,DIAG,2026-04-05,6276.00,3138.00,PHP,DENIED,3,0,0,2026-04-05
R0378,C0378,M018,EM018B,P01,CONSULT,2026-04-05,1439.00,719.00,PHP,PAID,4,1,0,2026-04-05
R0379,C0379,M019,EM019B,P02,DIAG,2026-04-05,3121.00,1560.00,PHP,PENDING,5,0,0,2026-04-05
R0380,C0380,M020,EM020B,P03,CONSULT,2026-04-05,7679.00,3839.00,PHP,DENIED,6,1,1,2026-04-05
R0381,C0381,M021,EM021B,P04,DIAG,2026-04-06,6501.00,3250.00,PHP,PAID,7,0,0,2026-04-06
R0382,C0382,M022,EM022B,P05,CONSULT,2026-04-06,3013.00,1506.00,PHP,PENDING,8,0,0,2026-04-06
R0383,C0383,M023,EM023B,P06,DIAG,2026-04-06,1759.00,879.00,PHP,DENIED,9,0,0,2026-04-06
R0384,C0384,M024,EM024B,P01,CONSULT,2026-04-06,5066.00,2533.00,PHP,PAID,10,0,0,2026-04-06
R0385,C0385,M025,EM025B,P02,DIAG,2026-04-07,8676.00,4338.00,PHP,PENDING,11,0,0,2026-04-07
R0386,C0386,M026,EM026B,P03,CONSULT,2026-04-07,4764.00,2382.00,PHP,DENIED,12,0,0,2026-04-07
R0387,C0387,M027,EM027B,P04,DIAG,2026-04-07,8547.00,4273.00,PHP,PAID,13,0,0,2026-04-07
R0388,C0388,M028,EM028B,P05,CONSULT,2026-04-07,3328.00,1664.00,PHP,PENDING,14,0,0,2026-04-07
R0389,C0389,M029,EM029B,P06,DIAG,2026-04-08,5736.00,2868.00,PHP,DENIED,15,0,0,2026-04-08
R0390,C0390,M030,EM030B,P01,CONSULT,2026-04-08,5257.00,2628.00,PHP,PAID,1,0,0,2026-04-08
R0391,C0391,M031,EM031B,P02,DIAG,2026-04-08,3352.00,1676.00,PHP,PENDING,2,0,0,2026-04-08
R0392,C0392,M032,EM032B,P03,CONSULT,2026-04-08,3792.00,1896.00,PHP,DENIED,3,0,0,2026-04-08
R0393,C0393,M033,EM033B,P04,DIAG,2026-04-09,6412.00,3206.00,PHP,PAID,4,0,0,2026-04-09
R0394,C0394,M034,EM034B,P05,CONSULT,2026-04-09,2626.00,1313.00,PHP,PENDING,5,0,1,2026-04-09
R0395,C0395,M035,EM035B,P06,DIAG,2026-04-09,8342.00,4171.00,PHP,DENIED,6,0,0,2026-04-09
R0396,C0396,M036,EM036B,P01,CONSULT,2026-04-09,1708.00,854.00,PHP,PAID,7,1,0,2026-04-09
R0397,C0397,M037,EM037B,P02,DIAG,2026-04-10,8132.00,4066.00,PHP,PENDING,8,0,0,2026-04-10
R0398,C0398,M038,EM038B,P03,CONSULT,2026-04-10,3481.00,1740.00,PHP,DENIED,9,0,0,2026-04-10
R0399,C0399,M039,EM039B,P04,DIAG,2026-04-10,1407.00,703.00,PHP,PAID,10,0,0,2026-04-10
R0400,C0400,M040,EM040B,P05,CONSULT,2026-04-10,3153.00,1576.00,PHP,PENDING,11,0,0,2026-04-10
R0401,C0401,M041,EM041B,P06,DIAG,2026-04-11,5153.00,2576.00,PHP,DENIED,12,0,0,2026-04-11
R0402,C0402,M042,EM042B,P01,CONSULT,2026-04-11,4996.00,2498.00,PHP,PAID,13,1,0,2026-04-11
R0403,C0403,M043,EM043B,P02,DIAG,2026-04-11,8734.00,4367.00,PHP,PENDING,14,0,0,2026-04-11
R0404,C0404,M044,EM044B,P03,CONSULT,2026-04-11,3304.00,1652.00,PHP,DENIED,15,0,0,2026-04-11
R0405,C0405,M045,EM045B,P04,DIAG,2026-04-12,1174.00,587.00,PHP,PAID,1,0,1,2026-04-12
R0406,C0406,M046,EM046B,P05,CONSULT,2026-04-12,4836.00,2418.00,PHP,PENDING,2,0,0,2026-04-12
R0407,C0407,M047,EM047B,P06,DIAG,2026-04-12,996.00,498.00,PHP,DENIED,3,0,0,2026-04-12
R0408,C0408,M048,EM048B,P01,CONSULT,2026-04-12,5449.00,2724.00,PHP,PAID,4,0,0,2026-04-12
R0409,C0409,M049,EM049B,P02,DIAG,2026-04-13,5373.00,2686.00,PHP,PENDING,5,0,0,2026-04-13
R0410,C0410,M050,EM050B,P03,CONSULT,2026-04-13,7309.00,3654.00,PHP,DENIED,6,0,0,2026-04-13
R0411,C0411,M051,EM051B,P04,DIAG,2026-04-13,5621.00,2810.00,PHP,PAID,7,0,0,2026-04-13
R0412,C0412,M052,EM052B,P05,CONSULT,2026-04-13,6158.00,3079.00,PHP,PENDING,8,0,0,2026-04-13
R0413,C0413,M053,EM053B,P06,DIAG,2026-04-14,2239.00,1119.00,PHP,DENIED,9,0,0,2026-04-14
R0414,C0414,M054,EM054B,P01,CONSULT,2026-04-14,4561.00,2280.00,PHP,PAID,10,1,1,2026-04-14
R0415,C0415,M055,EM055B,P02,DIAG,2026-04-14,7350.00,3675.00,PHP,PENDING,11,0,0,2026-04-14
R0416,C0416,M056,EM056B,P03,CONSULT,2026-04-14,5864.00,2932.00,PHP,DENIED,12,0,0,2026-04-14
R0417,C0417,M057,EM057B,P04,DIAG,2026-04-15,3110.00,1555.00,PHP,PAID,13,0,0,2026-04-15
R0418,C0418,M058,EM058B,P05,CONSULT,2026-04-15,5555.00,2777.00,PHP,PENDING,14,0,0,2026-04-15
R0419,C0419,M059,EM059B,P06,DIAG,2026-04-15,7991.00,3995.00,PHP,DENIED,15,0,0,2026-04-15
R0420,C0420,M060,EM060B,P01,CONSULT,2026-04-15,1328.00,664.00,PHP,PAID,1,0,0,2026-04-15
R0421,C0421,M001,EM001B,P02,DIAG,2026-04-16,8210.00,4105.00,PHP,PENDING,2,0,1,2026-04-16
R0422,C0422,M002,EM002B,P03,CONSULT,2026-04-16,2694.00,1347.00,PHP,DENIED,3,0,0,2026-04-16
R0423,C0423,M003,EM003B,P04,DIAG,2026-04-16,6495.00,3247.00,PHP,PAID,4,1,1,2026-04-16
R0424,C0424,M004,EM004B,P05,CONSULT,2026-04-16,6439.00,3219.00,PHP,PENDING,5,0,1,2026-04-16
R0425,C0425,M005,EM005B,P06,DIAG,2026-04-17,5082.00,2541.00,PHP,DENIED,6,0,0,2026-04-17
R0426,C0426,M006,EM006B,P01,CONSULT,2026-04-17,2608.00,1304.00,PHP,PAID,7,0,0,2026-04-17
R0427,C0427,M007,EM007B,P02,DIAG,2026-04-17,6055.00,3027.00,PHP,PENDING,8,0,0,2026-04-17
R0428,C0428,M008,EM008B,P03,CONSULT,2026-04-17,8841.00,4420.00,PHP,DENIED,9,0,1,2026-04-17
R0429,C0429,M009,EM009B,P04,DIAG,2026-04-18,5956.00,2978.00,PHP,PAID,10,0,0,2026-04-18
R0430,C0430,M010,EM010B,P05,CONSULT,2026-04-18,8946.00,4473.00,PHP,PENDING,11,1,0,2026-04-18
R0431,C0431,M011,EM011B,P06,DIAG,2026-04-18,6938.00,3469.00,PHP,DENIED,12,0,0,2026-04-18
R0432,C0432,M012,EM012B,P01,CONSULT,2026-04-18,6011.00,3005.00,PHP,PAID,13,0,0,2026-04-18
R0433,C0433,M013,EM013B,P02,DIAG,2026-04-19,5411.00,2705.00,PHP,PENDING,14,0,1,2026-04-19
R0434,C0434,M014,EM014B,P03,CONSULT,2026-04-19,2295.00,1147.00,PHP,DENIED,15,0,0,2026-04-19
R0435,C0435,M015,EM015B,P04,DIAG,2026-04-19,936.00,468.00,PHP,PAID,1,0,0,2026-04-19
R0436,C0436,M016,EM016B,P05,CONSULT,2026-04-19,4228.00,2114.00,PHP,PENDING,2,0,0,2026-04-19
R0437,C0437,M017,EM017B,P06,DIAG,2026-04-20,6729.00,3364.00,PHP,DENIED,3,1,0,2026-04-20
R0438,C0438,M018,EM018B,P01,CONSULT,2026-04-20,2300.00,1150.00,PHP,PAID,4,0,0,2026-04-20
R0439,C0439,M019,EM019B,P02,DIAG,2026-04-20,7265.00,3632.00,PHP,PENDING,5,0,0,2026-04-20
R0440,C0440,M020,EM020B,P03,CONSULT,2026-04-20,8226.00,4113.00,PHP,DENIED,6,0,0,2026-04-20
R0441,C0441,M021,EM021B,P04,DIAG,2026-04-21,2762.00,1381.00,PHP,PAID,7,0,0,2026-04-21
R0442,C0442,M022,EM022B,P05,CONSULT,2026-04-21,8337.00,4168.00,PHP,PENDING,8,0,0,2026-04-21
R0443,C0443,M023,EM023B,P06,DIAG,2026-04-21,6108.00,3054.00,PHP,DENIED,9,0,0,2026-04-21
R0444,C0444,M024,EM024B,P01,CONSULT,2026-04-21,4831.00,2415.00,PHP,PAID,10,0,0,2026-04-21
R0445,C0445,M025,EM025B,P02,DIAG,2026-04-22,5390.00,2695.00,PHP,PENDING,11,0,0,2026-04-22
R0446,C0446,M026,EM026B,P03,CONSULT,2026-04-22,5235.00,2617.00,PHP,DENIED,12,0,0,2026-04-22
R0447,C0447,M027,EM027B,P04,DIAG,2026-04-22,8361.00,4180.00,PHP,PAID,13,0,0,2026-04-22
R0448,C0448,M028,EM028B,P05,CONSULT,2026-04-22,4980.00,2490.00,PHP,PENDING,14,0,0,2026-04-22
R0449,C0449,M029,EM029B,P06,DIAG,2026-04-23,6964.00,3482.00,PHP,DENIED,15,0,0,2026-04-23
R0450,C0450,M030,EM030B,P01,CONSULT,2026-04-23,5258.00,2629.00,PHP,PAID,1,1,0,2026-04-23
R0451,C0451,M031,EM031B,P02,DIAG,2026-04-23,7747.00,3873.00,PHP,PENDING,2,0,0,2026-04-23
R0452,C0452,M032,EM032B,P03,CONSULT,2026-04-23,4942.00,2471.00,PHP,DENIED,3,0,0,2026-04-23
R0453,C0453,M033,EM033B,P04,DIAG,2026-04-24,4420.00,2210.00,PHP,PAID,4,0,0,2026-04-24
R0454,C0454,M034,EM034B,P05,CONSULT,2026-04-24,4314.00,2157.00,PHP,PENDING,5,1,0,2026-04-24
R0455,C0455,M035,EM035B,P06,DIAG,2026-04-24,2147.00,1073.00,PHP,DENIED,6,0,0,2026-04-24
R0456,C0456,M036,EM036B,P01,CONSULT,2026-04-24,3087.00,1543.00,PHP,PAID,7,0,0,2026-04-24
R0457,C0457,M037,EM037B,P02,DIAG,2026-04-25,8322.00,4161.00,PHP,PENDING,8,0,0,2026-04-25
R0458,C0458,M038,EM038B,P03,CONSULT,2026-04-25,5176.00,2588.00,PHP,DENIED,9,0,0,2026-04-25
R0459,C0459,M039,EM039B,P04,DIAG,2026-04-25,4304.00,2152.00,PHP,PAID,10,0,0,2026-04-25
R0460,C0460,M040,EM040B,P05,CONSULT,2026-04-25,3368.00,1684.00,PHP,PENDING,11,0,0,2026-04-25
R0461,C0461,M041,EM041B,P06,DIAG,2026-04-26,1095.00,547.00,PHP,DENIED,12,0,0,2026-04-26
R0462,C0462,M042,EM042B,P01,CONSULT,2026-04-26,5242.00,2621.00,PHP,PAID,13,0,1,2026-04-26
R0463,C0463,M043,EM043B,P02,DIAG,2026-04-26,2258.00,1129.00,PHP,PENDING,14,0,0,2026-04-26
R0464,C0464,M044,EM044B,P03,CONSULT,2026-04-26,8592.00,4296.00,PHP,DENIED,15,0,0,2026-04-26
R0465,C0465,M045,EM045B,P04,DIAG,2026-04-27,4970.00,2485.00,PHP,PAID,1,0,0,2026-04-27
R0466,C0466,M046,EM046B,P05,CONSULT,2026-04-27,8018.00,4009.00,PHP,PENDING,2,0,0,2026-04-27
R0467,C0467,M047,EM047B,P06,DIAG,2026-04-27,6023.00,3011.00,PHP,DENIED,3,0,0,2026-04-27
R0468,C0468,M048,EM048B,P01,CONSULT,2026-04-27,3375.00,1687.00,PHP,PAID,4,0,0,2026-04-27
R0469,C0469,M049,EM049B,P02,DIAG,2026-04-28,7507.00,3753.00,PHP,PENDING,5,0,1,2026-04-28
R0470,C0470,M050,EM050B,P03,CONSULT,2026-04-28,3527.00,1763.00,PHP,DENIED,6,0,0,2026-04-28
R0471,C0471,M051,EM051B,P04,DIAG,2026-04-28,611.00,305.00,PHP,PAID,7,0,0,2026-04-28
R0472,C0472,M052,EM052B,P05,CONSULT,2026-04-28,5900.00,2950.00,PHP,PENDING,8,0,0,2026-04-28
R0473,C0473,M053,EM053B,P06,DIAG,2026-04-29,6390.00,3195.00,PHP,DENIED,9,0,1,2026-04-29
R0474,C0474,M054,EM054B,P01,CONSULT,2026-04-29,5526.00,2763.00,PHP,PAID,10,1,0,2026-04-29
R0475,C0475,M055,EM055B,P02,DIAG,2026-04-29,5595.00,2797.00,PHP,PENDING,11,0,0,2026-04-29
R0476,C0476,M056,EM056B,P03,CONSULT,2026-04-29,6521.00,3260.00,PHP,DENIED,12,0,0,2026-04-29
R0477,C0477,M057,EM057B,P04,DIAG,2026-04-30,3009.00,1504.00,PHP,PAID,13,0,0,2026-04-30
R0478,C0478,M058,EM058B,P05,CONSULT,2026-04-30,8214.00,4107.00,PHP,PENDING,14,0,0,2026-04-30
R0479,C0479,M059,EM059B,P06,DIAG,2026-04-30,4554.00,2277.00,PHP,DENIED,15,0,0,2026-04-30
R0480,C0480,M060,EM060B,P01,CONSULT,2026-04-30,7819.00,3909.00,PHP,PAID,1,0,0,2026-04-30
R0481,C0481,M001,EM001B,P02,DIAG,2026-05-01,2338.00,1169.00,PHP,PENDING,2,1,0,2026-05-01
R0482,C0482,M002,EM002B,P03,CONSULT,2026-05-01,2955.00,1477.00,PHP,DENIED,3,1,0,2026-05-01
R0483,C0483,M003,EM003B,P04,DIAG,2026-05-01,3865.00,1932.00,PHP,PAID,4,0,0,2026-05-01
R0484,C0484,M004,EM004B,P05,CONSULT,2026-05-01,7798.00,3899.00,PHP,PENDING,5,0,0,2026-05-01
R0485,C0485,M005,EM005B,P06,DIAG,2026-05-02,7984.00,3992.00,PHP,DENIED,6,0,0,2026-05-02
R0486,C0486,M006,EM006B,P01,CONSULT,2026-05-02,5549.00,2774.00,PHP,PAID,7,0,0,2026-05-02
R0487,C0487,M007,EM007B,P02,DIAG,2026-05-02,4070.00,2035.00,PHP,PENDING,8,0,1,2026-05-02
R0488,C0488,M008,EM008B,P03,CONSULT,2026-05-02,1544.00,772.00,PHP,DENIED,9,0,1,2026-05-02
R0489,C0489,M009,EM009B,P04,DIAG,2026-05-03,8234.00,4117.00,PHP,PAID,10,1,0,2026-05-03
R0490,C0490,M010,EM010B,P05,CONSULT,2026-05-03,7387.00,3693.00,PHP,PENDING,11,0,0,2026-05-03
R0491,C0491,M011,EM011B,P06,DIAG,2026-05-03,6684.00,3342.00,PHP,DENIED,12,0,0,2026-05-03
R0492,C0492,M012,EM012B,P01,CONSULT,2026-05-03,2678.00,1339.00,PHP,PAID,13,0,0,2026-05-03
R0493,C0493,M013,EM013B,P02,DIAG,2026-05-04,6939.00,3469.00,PHP,PENDING,14,0,0,2026-05-04
R0494,C0494,M014,EM014B,P03,CONSULT,2026-05-04,556.00,278.00,PHP,DENIED,15,0,0,2026-05-04
R0495,C0495,M015,EM015B,P04,DIAG,2026-05-04,7448.00,3724.00,PHP,PAID,1,0,0,2026-05-04
R0496,C0496,M016,EM016B,P05,CONSULT,2026-05-04,6171.00,3085.00,PHP,PENDING,2,1,0,2026-05-04
R0497,C0497,M017,EM017B,P06,DIAG,2026-05-05,2348.00,1174.00,PHP,DENIED,3,1,0,2026-05-05
R0498,C0498,M018,EM018B,P01,CONSULT,2026-05-05,756.00,378.00,PHP,PAID,4,0,1,2026-05-05
R0499,C0499,M019,EM019B,P02,DIAG,2026-05-05,7814.00,3907.00,PHP,PENDING,5,0,0,2026-05-05
R0500,C0500,M020,EM020B,P03,CONSULT,2026-05-05,1224.00,612.00,PHP,DENIED,6,0,0,2026-05-05
R0501,C0501,M021,EM021B,P04,DIAG,2026-05-06,1424.00,712.00,PHP,PAID,7,1,0,2026-05-06
R0502,C0502,M022,EM022B,P05,CONSULT,2026-05-06,5724.00,2862.00,PHP,PENDING,8,0,0,2026-05-06
R0503,C0503,M023,EM023B,P06,DIAG,2026-05-06,4381.00,2190.00,PHP,DENIED,9,0,0,2026-05-06
R0504,C0504,M024,EM024B,P01,CONSULT,2026-05-06,4121.00,2060.00,PHP,PAID,10,0,0,2026-05-06
R0505,C0505,M025,EM025B,P02,DIAG,2026-05-07,3369.00,1684.00,PHP,PENDING,11,0,0,2026-05-07
R0506,C0506,M026,EM026B,P03,CONSULT,2026-05-07,6142.00,3071.00,PHP,DENIED,12,0,0,2026-05-07
R0507,C0507,M027,EM027B,P04,DIAG,2026-05-07,5722.00,2861.00,PHP,PAID,13,0,0,2026-05-07
R0508,C0508,M028,EM028B,P05,CONSULT,2026-05-07,3512.00,1756.00,PHP,PENDING,14,0,0,2026-05-07
R0509,C0509,M029,EM029B,P06,DIAG,2026-05-08,5427.00,2713.00,PHP,DENIED,15,0,0,2026-05-08
R0510,C0510,M030,EM030B,P01,CONSULT,2026-05-08,1444.00,722.00,PHP,PAID,1,0,0,2026-05-08
R0511,C0511,M031,EM031B,P02,DIAG,2026-05-08,2696.00,1348.00,PHP,PENDING,2,0,0,2026-05-08
R0512,C0512,M032,EM032B,P03,CONSULT,2026-05-08,1795.00,897.00,PHP,DENIED,3,0,0,2026-05-08
R0513,C0513,M033,EM033B,P04,DIAG,2026-05-09,3620.00,1810.00,PHP,PAID,4,1,0,2026-05-09
R0514,C0514,M034,EM034B,P05,CONSULT,2026-05-09,1147.00,573.00,PHP,PENDING,5,0,0,2026-05-09
R0515,C0515,M035,EM035B,P06,DIAG,2026-05-09,4055.00,2027.00,PHP,DENIED,6,0,0,2026-05-09
R0516,C0516,M036,EM036B,P01,CONSULT,2026-05-09,751.00,375.00,PHP,PAID,7,0,0,2026-05-09
R0517,C0517,M037,EM037B,P02,DIAG,2026-05-10,8346.00,4173.00,PHP,PENDING,8,0,0,2026-05-10
R0518,C0518,M038,EM038B,P03,CONSULT,2026-05-10,6998.00,3499.00,PHP,DENIED,9,0,0,2026-05-10
R0519,C0519,M039,EM039B,P04,DIAG,2026-05-10,6736.00,3368.00,PHP,PAID,10,0,0,2026-05-10
R0520,C0520,M040,EM040B,P05,CONSULT,2026-05-10,6392.00,3196.00,PHP,PENDING,11,0,0,2026-05-10
R0521,C0521,M041,EM041B,P06,DIAG,2026-05-11,8192.00,4096.00,PHP,DENIED,12,0,0,2026-05-11
R0522,C0522,M042,EM042B,P01,CONSULT,2026-05-11,5626.00,2813.00,PHP,PAID,13,0,0,2026-05-11
R0523,C0523,M043,EM043B,P02,DIAG,2026-05-11,2890.00,1445.00,PHP,PENDING,14,1,0,2026-05-11
R0524,C0524,M044,EM044B,P03,CONSULT,2026-05-11,7341.00,3670.00,PHP,DENIED,15,0,0,2026-05-11
R0525,C0525,M045,EM045B,P04,DIAG,2026-05-12,4526.00,2263.00,PHP,PAID,1,0,0,2026-05-12
R0526,C0526,M046,EM046B,P05,CONSULT,2026-05-12,4716.00,2358.00,PHP,PENDING,2,0,0,2026-05-12
R0527,C0527,M047,EM047B,P06,DIAG,2026-05-12,8537.00,4268.00,PHP,DENIED,3,0,0,2026-05-12
R0528,C0528,M048,EM048B,P01,CONSULT,2026-05-12,2793.00,1396.00,PHP,PAID,4,0,0,2026-05-12
R0529,C0529,M049,EM049B,P02,DIAG,2026-05-13,1462.00,731.00,PHP,PENDING,5,0,0,2026-05-13
R0530,C0530,M050,EM050B,P03,CONSULT,2026-05-13,1294.00,647.00,PHP,DENIED,6,0,0,2026-05-13
R0531,C0531,M051,EM051B,P04,DIAG,2026-05-13,4291.00,2145.00,PHP,PAID,7,1,0,2026-05-13
R0532,C0532,M052,EM052B,P05,CONSULT,2026-05-13,7971.00,3985.00,PHP,PENDING,8,0,0,2026-05-13
R0533,C0533,M053,EM053B,P06,DIAG,2026-05-14,8416.00,4208.00,PHP,DENIED,9,0,1,2026-05-14
R0534,C0534,M054,EM054B,P01,CONSULT,2026-05-14,7239.00,3619.00,PHP,PAID,10,1,0,2026-05-14
R0535,C0535,M055,EM055B,P02,DIAG,2026-05-14,5197.00,2598.00,PHP,PENDING,11,1,0,2026-05-14
R0536,C0536,M056,EM056B,P03,CONSULT,2026-05-14,3437.00,1718.00,PHP,DENIED,12,1,0,2026-05-14
R0537,C0537,M057,EM057B,P04,DIAG,2026-05-15,3644.00,1822.00,PHP,PAID,13,0,0,2026-05-15
R0538,C0538,M058,EM058B,P05,CONSULT,2026-05-15,7002.00,3501.00,PHP,PENDING,14,1,0,2026-05-15
R0539,C0539,M059,EM059B,P06,DIAG,2026-05-15,4484.00,2242.00,PHP,DENIED,15,0,0,2026-05-15
R0540,C0540,M060,EM060B,P01,CONSULT,2026-05-15,1820.00,910.00,PHP,PAID,1,0,0,2026-05-15
R0541,C0541,M001,EM001B,P02,DIAG,2026-05-16,2031.00,1015.00,PHP,PENDING,2,0,0,2026-05-16
R0542,C0542,M002,EM002B,P03,CONSULT,2026-05-16,654.00,327.00,PHP,DENIED,3,0,1,2026-05-16
R0543,C0543,M003,EM003B,P04,DIAG,2026-05-16,5927.00,2963.00,PHP,PAID,4,0,0,2026-05-16
R0544,C0544,M004,EM004B,P05,CONSULT,2026-05-16,1197.00,598.00,PHP,PENDING,5,0,0,2026-05-16
R0545,C0545,M005,EM005B,P06,DIAG,2026-05-17,8290.00,4145.00,PHP,DENIED,6,0,0,2026-05-17
R0546,C0546,M006,EM006B,P01,CONSULT,2026-05-17,5093.00,2546.00,PHP,PAID,7,0,0,2026-05-17
R0547,C0547,M007,EM007B,P02,DIAG,2026-05-17,5652.00,2826.00,PHP,PENDING,8,1,0,2026-05-17
R0548,C0548,M008,EM008B,P03,CONSULT,2026-05-17,7025.00,3512.00,PHP,DENIED,9,0,0,2026-05-17
R0549,C0549,M009,EM009B,P04,DIAG,2026-05-18,6875.00,3437.00,PHP,PAID,10,0,0,2026-05-18
R0550,C0550,M010,EM010B,P05,CONSULT,2026-05-18,2792.00,1396.00,PHP,PENDING,11,0,0,2026-05-18
R0551,C0551,M011,EM011B,P06,DIAG,2026-05-18,6166.00,3083.00,PHP,DENIED,12,1,0,2026-05-18
R0552,C0552,M012,EM012B,P01,CONSULT,2026-05-18,6080.00,3040.00,PHP,PAID,13,0,0,2026-05-18
R0553,C0553,M013,EM013B,P02,DIAG,2026-05-19,5847.00,2923.00,PHP,PENDING,14,1,0,2026-05-19
R0554,C0554,M014,EM014B,P03,CONSULT,2026-05-19,8538.00,4269.00,PHP,DENIED,15,0,0,2026-05-19
R0555,C0555,M015,EM015B,P04,DIAG,2026-05-19,3543.00,1771.00,PHP,PAID,1,0,0,2026-05-19
R0556,C0556,M016,EM016B,P05,CONSULT,2026-05-19,5339.00,2669.00,PHP,PENDING,2,0,0,2026-05-19
R0557,C0557,M017,EM017B,P06,DIAG,2026-05-20,3026.00,1513.00,PHP,DENIED,3,0,0,2026-05-20
R0558,C0558,M018,EM018B,P01,CONSULT,2026-05-20,6883.00,3441.00,PHP,PAID,4,0,0,2026-05-20
R0559,C0559,M019,EM019B,P02,DIAG,2026-05-20,5550.00,2775.00,PHP,PENDING,5,0,0,2026-05-20
R0560,C0560,M020,EM020B,P03,CONSULT,2026-05-20,1930.00,965.00,PHP,DENIED,6,0,0,2026-05-20
R0561,C0561,M021,EM021B,P04,DIAG,2026-05-21,7185.00,3592.00,PHP,PAID,7,1,1,2026-05-21
R0562,C0562,M022,EM022B,P05,CONSULT,2026-05-21,5815.00,2907.00,PHP,PENDING,8,0,1,2026-05-21
R0563,C0563,M023,EM023B,P06,DIAG,2026-05-21,1887.00,943.00,PHP,DENIED,9,0,0,2026-05-21
R0564,C0564,M024,EM024B,P01,CONSULT,2026-05-21,4477.00,2238.00,PHP,PAID,10,0,0,2026-05-21
R0565,C0565,M025,EM025B,P02,DIAG,2026-05-22,2774.00,1387.00,PHP,PENDING,11,0,0,2026-05-22
R0566,C0566,M026,EM026B,P03,CONSULT,2026-05-22,3239.00,1619.00,PHP,DENIED,12,0,0,2026-05-22
R0567,C0567,M027,EM027B,P04,DIAG,2026-05-22,1760.00,880.00,PHP,PAID,13,0,0,2026-05-22
R0568,C0568,M028,EM028B,P05,CONSULT,2026-05-22,8623.00,4311.00,PHP,PENDING,14,0,0,2026-05-22
R0569,C0569,M029,EM029B,P06,DIAG,2026-05-23,5491.00,2745.00,PHP,DENIED,15,1,0,2026-05-23
R0570,C0570,M030,EM030B,P01,CONSULT,2026-05-23,6724.00,3362.00,PHP,PAID,1,0,0,2026-05-23
R0571,C0571,M031,EM031B,P02,DIAG,2026-05-23,2730.00,1365.00,PHP,PENDING,2,0,0,2026-05-23
R0572,C0572,M032,EM032B,P03,CONSULT,2026-05-23,8348.00,4174.00,PHP,DENIED,3,0,0,2026-05-23
R0573,C0573,M033,EM033B,P04,DIAG,2026-05-24,5275.00,2637.00,PHP,PAID,4,0,0,2026-05-24
R0574,C0574,M034,EM034B,P05,CONSULT,2026-05-24,4471.00,2235.00,PHP,PENDING,5,0,0,2026-05-24
R0575,C0575,M035,EM035B,P06,DIAG,2026-05-24,6480.00,3240.00,PHP,DENIED,6,1,0,2026-05-24
R0576,C0576,M036,EM036B,P01,CONSULT,2026-05-24,3447.00,1723.00,PHP,PAID,7,0,0,2026-05-24
R0577,C0577,M037,EM037B,P02,DIAG,2026-05-25,8063.00,4031.00,PHP,PENDING,8,0,0,2026-05-25
R0578,C0578,M038,EM038B,P03,CONSULT,2026-05-25,1633.00,816.00,PHP,DENIED,9,0,0,2026-05-25
R0579,C0579,M039,EM039B,P04,DIAG,2026-05-25,8680.00,4340.00,PHP,PAID,10,1,0,2026-05-25
R0580,C0580,M040,EM040B,P05,CONSULT,2026-05-25,3025.00,1512.00,PHP,PENDING,11,0,0,2026-05-25
R0581,C0581,M041,EM041B,P06,DIAG,2026-05-26,8351.00,4175.00,PHP,DENIED,12,0,0,2026-05-26
R0582,C0582,M042,EM042B,P01,CONSULT,2026-05-26,7353.00,3676.00,PHP,PAID,13,0,0,2026-05-26
R0583,C0583,M043,EM043B,P02,DIAG,2026-05-26,1892.00,946.00,PHP,PENDING,14,1,0,2026-05-26
R0584,C0584,M044,EM044B,P03,CONSULT,2026-05-26,3225.00,1612.00,PHP,DENIED,15,0,1,2026-05-26
R0585,C0585,M045,EM045B,P04,DIAG,2026-05-27,7047.00,3523.00,PHP,PAID,1,0,0,2026-05-27
R0586,C0586,M046,EM046B,P05,CONSULT,2026-05-27,2235.00,1117.00,PHP,PENDING,2,1,0,2026-05-27
R0587,C0587,M047,EM047B,P06,DIAG,2026-05-27,8999.00,4499.00,PHP,DENIED,3,0,0,2026-05-27
R0588,C0588,M048,EM048B,P01,CONSULT,2026-05-27,6629.00,3314.00,PHP,PAID,4,0,0,2026-05-27
R0589,C0589,M049,EM049B,P02,DIAG,2026-05-28,8699.00,4349.00,PHP,PENDING,5,1,0,2026-05-28
R0590,C0590,M050,EM050B,P03,CONSULT,2026-05-28,5340.00,2670.00,PHP,DENIED,6,0,0,2026-05-28
R0591,C0591,M051,EM051B,P04,DIAG,2026-05-28,2821.00,1410.00,PHP,PAID,7,0,0,2026-05-28
R0592,C0592,M052,EM052B,P05,CONSULT,2026-05-28,8412.00,4206.00,PHP,PENDING,8,0,0,2026-05-28
R0593,C0593,M053,EM053B,P06,DIAG,2026-05-29,7912.00,3956.00,PHP,DENIED,9,0,0,2026-05-29
R0594,C0594,M054,EM054B,P01,CONSULT,2026-05-29,2385.00,1192.00,PHP,PAID,10,1,0,2026-05-29
R0595,C0595,M055,EM055B,P02,DIAG,2026-05-29,3192.00,1596.00,PHP,PENDING,11,0,0,2026-05-29
R0596,C0596,M056,EM056B,P03,CONSULT,2026-05-29,3123.00,1561.00,PHP,DENIED,12,0,0,2026-05-29
R0597,C0597,M057,EM057B,P04,DIAG,2026-05-30,7136.00,3568.00,PHP,PAID,13,0,0,2026-05-30
R0598,C0598,M058,EM058B,P05,CONSULT,2026-05-30,6981.00,3490.00,PHP,PENDING,14,1,0,2026-05-30
R0599,C0599,M059,EM059B,P06,DIAG,2026-05-30,7537.00,3768.00,PHP,DENIED,15,0,0,2026-05-30
R0600,C0600,M060,EM060B,P01,CONSULT,2026-05-30,1525.00,762.00,PHP,PAID,1,0,0,2026-05-30
R0601,C0601,M001,EM001B,P02,DIAG,2026-05-31,24000.00,12000.00,PHP,PENDING,2,0,0,2026-05-31
R0602,C0602,M002,EM002B,P03,CONSULT,2026-05-31,8519.00,4259.00,PHP,DENIED,3,0,0,2026-05-31
R0603,C0603,M003,EM003B,P04,DIAG,2026-05-31,6931.00,3465.00,PHP,PAID,4,0,0,2026-05-31
R0604,C0604,M004,EM004B,P05,CONSULT,2026-05-31,3326.00,1663.00,PHP,PENDING,5,0,0,2026-05-31
R0605,C0605,M005,EM005B,P06,DIAG,2026-06-01,1888.00,944.00,PHP,DENIED,6,0,0,2026-06-01
R0606,C0606,M006,EM006B,P01,CONSULT,2026-06-01,2416.00,1208.00,PHP,PAID,7,0,0,2026-06-01
R0607,C0607,M007,EM007B,P02,DIAG,2026-06-01,7352.00,3676.00,PHP,PENDING,8,0,0,2026-06-01
R0608,C0608,M008,EM008B,P03,CONSULT,2026-06-01,8473.00,4236.00,PHP,DENIED,9,0,0,2026-06-01
R0609,C0609,M009,EM009B,P04,DIAG,2026-06-02,3338.00,1669.00,PHP,PAID,10,0,0,2026-06-02
R0610,C0610,M010,EM010B,P05,CONSULT,2026-06-02,5654.00,2827.00,PHP,PENDING,11,0,0,2026-06-02
R0611,C0611,M011,EM011B,P06,DIAG,2026-06-02,657.00,328.00,PHP,DENIED,12,0,0,2026-06-02
R0612,C0612,M012,EM012B,P01,CONSULT,2026-06-02,8781.00,4390.00,PHP,PAID,13,0,0,2026-06-02
R0613,C0613,M013,EM013B,P02,DIAG,2026-06-03,7772.00,3886.00,PHP,PENDING,14,0,1,2026-06-03
R0614,C0614,M014,EM014B,P03,CONSULT,2026-06-03,4113.00,2056.00,PHP,DENIED,15,0,0,2026-06-03
R0615,C0615,M015,EM015B,P04,DIAG,2026-06-03,3255.00,1627.00,PHP,PAID,1,0,0,2026-06-03
R0616,C0616,M016,EM016B,P05,CONSULT,2026-06-03,8615.00,4307.00,PHP,PENDING,2,0,0,2026-06-03
R0617,C0617,M017,EM017B,P06,DIAG,2026-06-04,6510.00,3255.00,PHP,DENIED,3,0,0,2026-06-04
R0618,C0618,M018,EM018B,P01,CONSULT,2026-06-04,7731.00,3865.00,PHP,PAID,4,0,0,2026-06-04
R0619,C0619,M019,EM019B,P02,DIAG,2026-06-04,4555.00,2277.00,PHP,PENDING,5,0,0,2026-06-04
R0620,C0620,M020,EM020B,P03,CONSULT,2026-06-04,6211.00,3105.00,PHP,DENIED,6,0,1,2026-06-04
R0621,C0621,M021,EM021B,P04,DIAG,2026-06-05,2423.00,1211.00,PHP,PAID,7,0,0,2026-06-05
R0622,C0622,M022,EM022B,P05,CONSULT,2026-06-05,6244.00,3122.00,PHP,PENDING,8,0,0,2026-06-05
R0623,C0623,M023,EM023B,P06,DIAG,2026-06-05,2781.00,1390.00,PHP,DENIED,9,0,0,2026-06-05
R0624,C0624,M024,EM024B,P01,CONSULT,2026-06-05,6247.00,3123.00,PHP,PAID,10,0,0,2026-06-05
R0625,C0625,M025,EM025B,P02,DIAG,2026-06-06,5294.00,2647.00,PHP,PENDING,11,0,0,2026-06-06
R0626,C0626,M026,EM026B,P03,CONSULT,2026-06-06,2060.00,1030.00,PHP,DENIED,12,1,0,2026-06-06
R0627,C0627,M027,EM027B,P04,DIAG,2026-06-06,1471.00,735.00,PHP,PAID,13,0,0,2026-06-06
R0628,C0628,M028,EM028B,P05,CONSULT,2026-06-06,2674.00,1337.00,PHP,PENDING,14,0,0,2026-06-06
R0629,C0629,M029,EM029B,P06,DIAG,2026-06-07,6934.00,3467.00,PHP,DENIED,15,0,0,2026-06-07
R0630,C0630,M030,EM030B,P01,CONSULT,2026-06-07,7286.00,3643.00,PHP,PAID,1,0,1,2026-06-07
R0631,C0631,M031,EM031B,P02,DIAG,2026-06-07,2025.00,1012.00,PHP,PENDING,2,0,0,2026-06-07
R0632,C0632,M032,EM032B,P03,CONSULT,2026-06-07,6546.00,3273.00,PHP,DENIED,3,0,0,2026-06-07
R0633,C0633,M033,EM033B,P04,DIAG,2026-06-08,2026.00,1013.00,PHP,PAID,4,0,0,2026-06-08
R0634,C0634,M034,EM034B,P05,CONSULT,2026-06-08,6369.00,3184.00,PHP,PENDING,5,0,0,2026-06-08
R0635,C0635,M035,EM035B,P06,DIAG,2026-06-08,7539.00,3769.00,PHP,DENIED,6,0,0,2026-06-08
R0636,C0636,M036,EM036B,P01,CONSULT,2026-06-08,5146.00,2573.00,PHP,PAID,7,0,0,2026-06-08
R0637,C0637,M037,EM037B,P02,DIAG,2026-06-09,8451.00,4225.00,PHP,PENDING,8,0,0,2026-06-09
R0638,C0638,M038,EM038B,P03,CONSULT,2026-06-09,1252.00,626.00,PHP,DENIED,9,1,0,2026-06-09
R0639,C0639,M039,EM039B,P04,DIAG,2026-06-09,2535.00,1267.00,PHP,PAID,10,0,0,2026-06-09
R0640,C0640,M040,EM040B,P05,CONSULT,2026-06-09,7509.00,3754.00,PHP,PENDING,11,0,0,2026-06-09
R0641,C0641,M041,EM041B,P06,DIAG,2026-06-10,5445.00,2722.00,PHP,DENIED,12,1,0,2026-06-10
R0642,C0642,M042,EM042B,P01,CONSULT,2026-06-10,6405.00,3202.00,PHP,PAID,13,0,0,2026-06-10
R0643,C0643,M043,EM043B,P02,DIAG,2026-06-10,3211.00,1605.00,PHP,PENDING,14,1,0,2026-06-10
R0644,C0644,M044,EM044B,P03,CONSULT,2026-06-10,4336.00,2168.00,PHP,DENIED,15,0,0,2026-06-10
R0645,C0645,M045,EM045B,P04,DIAG,2026-06-11,3996.00,1998.00,PHP,PAID,1,0,0,2026-06-11
R0646,C0646,M046,EM046B,P05,CONSULT,2026-06-11,7791.00,3895.00,PHP,PENDING,2,1,0,2026-06-11
R0647,C0647,M047,EM047B,P06,DIAG,2026-06-11,7419.00,3709.00,PHP,DENIED,3,0,0,2026-06-11
R0648,C0648,M048,EM048B,P01,CONSULT,2026-06-11,1963.00,981.00,PHP,PAID,4,0,0,2026-06-11
R0649,C0649,M049,EM049B,P02,DIAG,2026-06-12,5402.00,2701.00,PHP,PENDING,5,1,0,2026-06-12
R0650,C0650,M050,EM050B,P03,CONSULT,2026-06-12,2681.00,1340.00,PHP,DENIED,6,0,0,2026-06-12
R0651,C0651,M051,EM051B,P04,DIAG,2026-06-12,638.00,319.00,PHP,PAID,7,0,0,2026-06-12
R0652,C0652,M052,EM052B,P05,CONSULT,2026-06-12,3990.00,1995.00,PHP,PENDING,8,0,0,2026-06-12
R0653,C0653,M053,EM053B,P06,DIAG,2026-06-13,7748.00,3874.00,PHP,DENIED,9,0,1,2026-06-13
R0654,C0654,M054,EM054B,P01,CONSULT,2026-06-13,2517.00,1258.00,PHP,PAID,10,0,0,2026-06-13
R0655,C0655,M055,EM055B,P02,DIAG,2026-06-13,5652.00,2826.00,PHP,PENDING,11,0,0,2026-06-13
R0656,C0656,M056,EM056B,P03,CONSULT,2026-06-13,4565.00,2282.00,PHP,DENIED,12,0,0,2026-06-13
R0657,C0657,M057,EM057B,P04,DIAG,2026-06-14,939.00,469.00,PHP,PAID,13,0,0,2026-06-14
R0658,C0658,M058,EM058B,P05,CONSULT,2026-06-14,8982.00,4491.00,PHP,PENDING,14,0,0,2026-06-14
R0659,C0659,M059,EM059B,P06,DIAG,2026-06-14,1394.00,697.00,PHP,DENIED,15,0,0,2026-06-14
R0660,C0660,M060,EM060B,P01,CONSULT,2026-06-14,6822.00,3411.00,PHP,PAID,1,1,0,2026-06-14
R0661,C0661,M001,EM001B,P02,DIAG,2026-06-15,697.00,348.00,PHP,PENDING,2,0,0,2026-06-15
R0662,C0662,M002,EM002B,P03,CONSULT,2026-06-15,7395.00,3697.00,PHP,DENIED,3,0,0,2026-06-15
R0663,C0663,M003,EM003B,P04,DIAG,2026-06-15,1695.00,847.00,PHP,PAID,4,1,1,2026-06-15
R0664,C0664,M004,EM004B,P05,CONSULT,2026-06-15,1152.00,576.00,PHP,PENDING,5,0,0,2026-06-15
R0665,C0665,M005,EM005B,P06,DIAG,2026-06-16,5193.00,2596.00,PHP,DENIED,6,0,0,2026-06-16
R0666,C0666,M006,EM006B,P01,CONSULT,2026-06-16,7090.00,3545.00,PHP,PAID,7,1,0,2026-06-16
R0667,C0667,M007,EM007B,P02,DIAG,2026-06-16,5046.00,2523.00,PHP,PENDING,8,1,1,2026-06-16
R0668,C0668,M008,EM008B,P03,CONSULT,2026-06-16,3045.00,1522.00,PHP,DENIED,9,0,0,2026-06-16
R0669,C0669,M009,EM009B,P04,DIAG,2026-06-17,1583.00,791.00,PHP,PAID,10,0,0,2026-06-17
R0670,C0670,M010,EM010B,P05,CONSULT,2026-06-17,4409.00,2204.00,PHP,PENDING,11,1,1,2026-06-17
R0671,C0671,M011,EM011B,P06,DIAG,2026-06-17,7928.00,3964.00,PHP,DENIED,12,0,1,2026-06-17
R0672,C0672,M012,EM012B,P01,CONSULT,2026-06-17,3377.00,1688.00,PHP,PAID,13,1,0,2026-06-17
R0673,C0673,M013,EM013B,P02,DIAG,2026-06-18,3184.00,1592.00,PHP,PENDING,14,0,0,2026-06-18
R0674,C0674,M014,EM014B,P03,CONSULT,2026-06-18,4747.00,2373.00,PHP,DENIED,15,1,0,2026-06-18
R0675,C0675,M015,EM015B,P04,DIAG,2026-06-18,4903.00,2451.00,PHP,PAID,1,0,0,2026-06-18
R0676,C0676,M016,EM016B,P05,CONSULT,2026-06-18,5988.00,2994.00,PHP,PENDING,2,0,0,2026-06-18
R0677,C0677,M017,EM017B,P06,DIAG,2026-06-19,1762.00,881.00,PHP,DENIED,3,0,0,2026-06-19
R0678,C0678,M018,EM018B,P01,CONSULT,2026-06-19,3234.00,1617.00,PHP,PAID,4,0,0,2026-06-19
R0679,C0679,M019,EM019B,P02,DIAG,2026-06-19,2389.00,1194.00,PHP,PENDING,5,0,0,2026-06-19
R0680,C0680,M020,EM020B,P03,CONSULT,2026-06-19,701.00,350.00,PHP,DENIED,6,0,0,2026-06-19
R0681,C0681,M021,EM021B,P04,DIAG,2026-06-20,2958.00,1479.00,PHP,PAID,7,1,0,2026-06-20
R0682,C0682,M022,EM022B,P05,CONSULT,2026-06-20,7370.00,3685.00,PHP,PENDING,8,0,0,2026-06-20
R0683,C0683,M023,EM023B,P06,DIAG,2026-06-20,5741.00,2870.00,PHP,DENIED,9,0,1,2026-06-20
R0684,C0684,M024,EM024B,P01,CONSULT,2026-06-20,8725.00,4362.00,PHP,PAID,10,0,1,2026-06-20
R0685,C0685,M025,EM025B,P02,DIAG,2026-06-21,8950.00,4475.00,PHP,PENDING,11,0,0,2026-06-21
R0686,C0686,M026,EM026B,P03,CONSULT,2026-06-21,8120.00,4060.00,PHP,DENIED,12,0,0,2026-06-21
R0687,C0687,M027,EM027B,P04,DIAG,2026-06-21,1915.00,957.00,PHP,PAID,13,0,1,2026-06-21
R0688,C0688,M028,EM028B,P05,CONSULT,2026-06-21,5479.00,2739.00,PHP,PENDING,14,0,0,2026-06-21
R0689,C0689,M029,EM029B,P06,DIAG,2026-06-22,8583.00,4291.00,PHP,DENIED,15,0,0,2026-06-22
R0690,C0690,M030,EM030B,P01,CONSULT,2026-06-22,4516.00,2258.00,PHP,PAID,1,1,0,2026-06-22
R0691,C0691,M031,EM031B,P02,DIAG,2026-06-22,6175.00,3087.00,PHP,PENDING,2,0,0,2026-06-22
R0692,C0692,M032,EM032B,P03,CONSULT,2026-06-22,5988.00,2994.00,PHP,DENIED,3,1,0,2026-06-22
R0693,C0693,M033,EM033B,P04,DIAG,2026-06-23,5538.00,2769.00,PHP,PAID,4,1,0,2026-06-23
R0694,C0694,M034,EM034B,P05,CONSULT,2026-06-23,8561.00,4280.00,PHP,PENDING,5,0,0,2026-06-23
R0695,C0695,M035,EM035B,P06,DIAG,2026-06-23,5084.00,2542.00,PHP,DENIED,6,1,0,2026-06-23
R0696,C0696,M036,EM036B,P01,CONSULT,2026-06-23,7267.00,3633.00,PHP,PAID,7,0,0,2026-06-23
R0697,C0697,M037,EM037B,P02,DIAG,2026-06-24,1891.00,945.00,PHP,PENDING,8,0,0,2026-06-24
R0698,C0698,M038,EM038B,P03,CONSULT,2026-06-24,6961.00,3480.00,PHP,DENIED,9,1,0,2026-06-24
R0699,C0699,M039,EM039B,P04,DIAG,2026-06-24,2641.00,1320.00,PHP,PAID,10,0,0,2026-06-24
R0700,C0700,M040,EM040B,P05,CONSULT,2026-06-24,6938.00,3469.00,PHP,PENDING,11,0,0,2026-06-24
R0701,C0701,M041,EM041B,P06,DIAG,2026-06-25,4955.00,2477.00,PHP,DENIED,12,0,0,2026-06-25
R0702,C0702,M042,EM042B,P01,CONSULT,2026-06-25,2285.00,1142.00,PHP,PAID,13,1,0,2026-06-25
R0703,C0703,M043,EM043B,P02,DIAG,2026-06-25,7160.00,3580.00,PHP,PENDING,14,1,0,2026-06-25
R0704,C0704,M044,EM044B,P03,CONSULT,2026-06-25,7904.00,3952.00,PHP,DENIED,15,0,0,2026-06-25
R0705,C0705,M045,EM045B,P04,DIAG,2026-06-26,3082.00,1541.00,PHP,PAID,1,0,0,2026-06-26
R0706,C0706,M046,EM046B,P05,CONSULT,2026-06-26,1160.00,580.00,PHP,PENDING,2,0,0,2026-06-26
R0707,C0707,M047,EM047B,P06,DIAG,2026-06-26,4566.00,2283.00,PHP,DENIED,3,0,0,2026-06-26
R0708,C0708,M048,EM048B,P01,CONSULT,2026-06-26,5396.00,2698.00,PHP,PAID,4,0,0,2026-06-26
R0709,C0709,M049,EM049B,P02,DIAG,2026-06-27,7125.00,3562.00,PHP,PENDING,5,0,0,2026-06-27
R0710,C0710,M050,EM050B,P03,CONSULT,2026-06-27,2051.00,1025.00,PHP,DENIED,6,0,0,2026-06-27
R0711,C0711,M051,EM051B,P04,DIAG,2026-06-27,695.00,347.00,PHP,PAID,7,1,0,2026-06-27
R0712,C0712,M052,EM052B,P05,CONSULT,2026-06-27,3746.00,1873.00,PHP,PENDING,8,0,0,2026-06-27
R0713,C0713,M053,EM053B,P06,DIAG,2026-06-28,1876.00,938.00,PHP,DENIED,9,0,0,2026-06-28
R0714,C0714,M054,EM054B,P01,CONSULT,2026-06-28,857.00,428.00,PHP,PAID,10,0,0,2026-06-28
R0715,C0715,M055,EM055B,P02,DIAG,2026-06-28,2610.00,1305.00,PHP,PENDING,11,1,0,2026-06-28
R0716,C0716,M056,EM056B,P03,CONSULT,2026-06-28,2507.00,1253.00,PHP,DENIED,12,1,0,2026-06-28
R0717,C0717,M057,EM057B,P04,DIAG,2026-06-29,7596.00,3798.00,PHP,PAID,13,0,0,2026-06-29
R0718,C0718,M058,EM058B,P05,CONSULT,2026-06-29,7490.00,3745.00,PHP,PENDING,14,1,0,2026-06-29
R0719,C0719,M059,EM059B,P06,DIAG,2026-06-29,5085.00,2542.00,PHP,DENIED,15,0,0,2026-06-29
R0720,C0720,M060,EM060B,P01,CONSULT,2026-06-29,4526.00,2263.00,PHP,PAID,1,0,0,2026-06-29
R0721,C0001,M001,EM001B,P02,DIAG,2026-01-01,2324.00,1162.00,PHP,PENDING,2,1,0,2026-01-01
R0722,C0722,M999,EM001B,P02,DIAG,2026-01-01,2324.00,1162.00,PHP,PENDING,2,1,0,2026-01-01
R0723,C0723,M002,EM002B,P03,CONSULT,2026-01-01,not-a-number,1089.00,PHP,DENIED,3,0,0,2026-01-01
R0724,C0724,M003,EM003B,P99,DIAG,2026-01-01,7412.00,3706.00,PHP,PAID,4,1,0,2026-01-01
R0725,C0725,M004,EM004B,P05,CONSULT,2026-02-30,934.00,467.00,PHP,PENDING,5,0,0,2026-01-01
