enrollment_id,member_id,plan_id,plan_version,start_date,end_date,enrollment_status
EM001B,M001,BASE,2026,2026-01-01,2026-12-31,ACTIVE
EM001P,M001,PLUS,2026,2026-01-01,2026-12-31,ACTIVE
EM001H,M001,BASE,2025,2025-01-01,2025-12-31,EXPIRED
EM002B,M002,BASE,2026,2026-01-01,2026-12-31,ACTIVE
EM003B,M003,BASE,2026,2026-01-01,2026-12-31,ACTIVE
EM004B,M004,BASE,2026,2026-01-01,2026-12-31,ACTIVE
EM004P,M004,PLUS,2026,2026-01-01,2026-12-31,ACTIVE
EM004H,M004,BASE,2025,2025-01-01,2025-12-31,EXPIRED
EM005B,M005,BASE,2026,2026-01-01,2026-12-31,ACTIVE
EM006B,M006,BASE,2026,2026-01-01,2026-12-31,ACTIVE
EM007B,M007,BASE,2026,2026-01-01,2026-12-31,ACTIVE
EM007P,M007,PLUS,2026,2026-01-01,2026-12-31,ACTIVE
EM007H,M007,BASE,2025,2025-01-01,2025-12-31,EXPIRED
EM008B,M008,BASE,2026,2026-01-01,2026-12-31,ACTIVE
EM009B,M009,BASE,2026,2026-01-01,2026-12-31,ACTIVE
EM010B,M010,BASE,2026,2026-01-01,2026-12-31,ACTIVE
EM010P,M010,PLUS,2026,2026-01-01,2026-12-31,ACTIVE
EM010H,M010,BASE,2025,2025-01-01,2025-12-31,EXPIRED
EM011B,M011,BASE,2026,2026-01-01,2026-12-31,ACTIVE
EM012B,M012,BASE,2026,2026-01-01,2026-12-31,ACTIVE
EM013B,M013,BASE,2026,2026-01-01,2026-12-31,ACTIVE
EM013P,M013,PLUS,2026,2026-01-01,2026-12-31,ACTIVE
EM013H,M013,BASE,2025,2025-01-01,2025-12-31,EXPIRED
EM014B,M014,BASE,2026,2026-01-01,2026-12-31,ACTIVE
EM015B,M015,BASE,2026,2026-01-01,2026-12-31,ACTIVE
EM016B,M016,BASE,2026,2026-01-01,2026-12-31,ACTIVE
EM016P,M016,PLUS,2026,2026-01-01,2026-12-31,ACTIVE
EM016H,M016,BASE,2025,2025-01-01,2025-12-31,EXPIRED
EM017B,M017,BASE,2026,2026-01-01,2026-12-31,ACTIVE
EM018B,M018,BASE,2026,2026-01-01,2026-12-31,ACTIVE
EM019B,M019,BASE,2026,2026-01-01,2026-12-31,ACTIVE
EM019P,M019,PLUS,2026,2026-01-01,2026-12-31,ACTIVE
EM019H,M019,BASE,2025,2025-01-01,2025-12-31,EXPIRED
EM020B,M020,BASE,2026,2026-01-01,2026-12-31,ACTIVE
EM021B,M021,BASE,2026,2026-01-01,2026-12-31,ACTIVE
EM022B,M022,BASE,2026,2026-01-01,2026-12-31,ACTIVE
EM022P,M022,PLUS,2026,2026-01-01,2026-12-31,ACTIVE
EM022H,M022,BASE,2025,2025-01-01,2025-12-31,EXPIRED
EM023B,M023,BASE,2026,2026-01-01,2026-12-31,ACTIVE
EM024B,M024,BASE,2026,2026-01-01,2026-12-31,ACTIVE
EM025B,M025,BASE,2026,2026-01-01,2026-12-31,ACTIVE
EM025P,M025,PLUS,2026,2026-01-01,2026-12-31,ACTIVE
EM025H,M025,BASE,2025,2025-01-01,2025-12-31,EXPIRED
EM026B,M026,BASE,2026,2026-01-01,2026-12-31,ACTIVE
EM027B,M027,BASE,2026,2026-01-01,2026-12-31,ACTIVE
EM028B,M028,BASE,2026,2026-01-01,2026-12-31,ACTIVE
EM028P,M028,PLUS,2026,2026-01-01,2026-12-31,ACTIVE
EM028H,M028,BASE,2025,2025-01-01,2025-12-31,EXPIRED
EM029B,M029,BASE,2026,2026-01-01,2026-12-31,ACTIVE
EM030B,M030,BASE,2026,2026-01-01,2026-12-31,ACTIVE
EM031B,M031,BASE,2026,2026-01-01,2026-12-31,ACTIVE
EM031P,M031,PLUS,2026,2026-01-01,2026-12-31,ACTIVE
EM031H,M031,BASE,2025,2025-01-01,2025-12-31,EXPIRED
EM032B,M032,BASE,2026,2026-01-01,2026-12-31,ACTIVE
EM033B,M033,BASE,2026,2026-01-01,2026-12-31,ACTIVE
EM034B,M034,BASE,2026,2026-01-01,2026-12-31,ACTIVE
EM034P,M034,PLUS,2026,2026-01-01,2026-12-31,ACTIVE
EM034H,M034,BASE,2025,2025-01-01,2025-12-31,EXPIRED
EM035B,M035,BASE,2026,2026-01-01,2026-12-31,ACTIVE
EM036B,M036,BASE,2026,2026-01-01,2026-12-31,ACTIVE
EM037B,M037,BASE,2026,2026-01-01,2026-12-31,ACTIVE
EM037P,M037,PLUS,2026,2026-01-01,2026-12-31,ACTIVE
EM037H,M037,BASE,2025,2025-01-01,2025-12-31,EXPIRED
EM038B,M038,BASE,2026,2026-01-01,2026-12-31,ACTIVE
EM039B,M039,BASE,2026,2026-01-01,2026-12-31,ACTIVE
EM040B,M040,BASE,2026,2026-01-01,2026-12-31,ACTIVE
EM040P,M040,PLUS,2026,2026-01-01,2026-12-31,ACTIVE
EM040H,M040,BASE,2025,2025-01-01,2025-12-31,EXPIRED
EM041B,M041,BASE,2026,2026-01-01,2026-12-31,ACTIVE
EM042B,M042,BASE,2026,2026-01-01,2026-12-31,ACTIVE
EM043B,M043,BASE,2026,2026-01-01,2026-12-31,ACTIVE
EM043P,M043,PLUS,2026,2026-01-01,2026-12-31,ACTIVE
EM043H,M043,BASE,2025,2025-01-01,2025-12-31,EXPIRED
EM044B,M044,BASE,2026,2026-01-01,2026-12-31,ACTIVE
EM045B,M045,BASE,2026,2026-01-01,2026-12-31,ACTIVE
EM046B,M046,BASE,2026,2026-01-01,2026-12-31,ACTIVE
EM046P,M046,PLUS,2026,2026-01-01,2026-12-31,ACTIVE
EM046H,M046,BASE,2025,2025-01-01,2025-12-31,EXPIRED
EM047B,M047,BASE,2026,2026-01-01,2026-12-31,ACTIVE
EM048B,M048,BASE,2026,2026-01-01,2026-12-31,ACTIVE
EM049B,M049,BASE,2026,2026-01-01,2026-12-31,ACTIVE
EM049P,M049,PLUS,2026,2026-01-01,2026-12-31,ACTIVE
EM049H,M049,BASE,2025,2025-01-01,2025-12-31,EXPIRED
EM050B,M050,BASE,2026,2026-01-01,2026-12-31,ACTIVE
EM051B,M051,BASE,2026,2026-01-01,2026-12-31,ACTIVE
EM052B,M052,BASE,2026,2026-01-01,2026-12-31,ACTIVE
EM052P,M052,PLUS,2026,2026-01-01,2026-12-31,ACTIVE
EM052H,M052,BASE,2025,2025-01-01,2025-12-31,EXPIRED
EM053B,M053,BASE,2026,2026-01-01,2026-12-31,ACTIVE
EM054B,M054,BASE,2026,2026-01-01,2026-12-31,ACTIVE
EM055B,M055,BASE,2026,2026-01-01,2026-12-31,ACTIVE
EM055P,M055,PLUS,2026,2026-01-01,2026-12-31,ACTIVE
EM055H,M055,BASE,2025,2025-01-01,2025-12-31,EXPIRED
EM056B,M056,BASE,2026,2026-01-01,2026-12-31,ACTIVE
EM057B,M057,BASE,2026,2026-01-01,2026-12-31,ACTIVE
EM058B,M058,BASE,2026,2026-01-01,2026-12-31,ACTIVE
EM058P,M058,PLUS,2026,2026-01-01,2026-12-31,ACTIVE
EM058H,M058,BASE,2025,2025-01-01,2025-12-31,EXPIRED
EM059B,M059,BASE,2026,2026-01-01,2026-12-31,ACTIVE
EM060B,M060,BASE,2026,2026-01-01,2026-12-31,ACTIVE
