member_id,slot_id,segment,region
M001,p01,SYNTHETIC,CENTRAL
M002,p01,SYNTHETIC,SOUTH
M003,p01,SYNTHETIC,NORTH
M004,p02,SYNTHETIC,CENTRAL
M005,p02,SYNTHETIC,SOUTH
M006,p02,SYNTHETIC,NORTH
M007,p03,SYNTHETIC,CENTRAL
M008,p03,SYNTHETIC,SOUTH
M009,p03,SYNTHETIC,NORTH
M010,p04,SYNTHETIC,CENTRAL
M011,p04,SYNTHETIC,SOUTH
M012,p04,SYNTHETIC,NORTH
M013,p05,SYNTHETIC,CENTRAL
M014,p05,SYNTHETIC,SOUTH
M015,p05,SYNTHETIC,NORTH
M016,p06,SYNTHETIC,CENTRAL
M017,p06,SYNTHETIC,SOUTH
M018,p06,SYNTHETIC,NORTH
M019,p07,SYNTHETIC,CENTRAL
M020,p07,SYNTHETIC,SOUTH
M021,p07,SYNTHETIC,NORTH
M022,p08,SYNTHETIC,CENTRAL
M023,p08,SYNTHETIC,SOUTH
M024,p08,SYNTHETIC,NORTH
M025,p09,SYNTHETIC,CENTRAL
M026,p09,SYNTHETIC,SOUTH
M027,p09,SYNTHETIC,NORTH
M028,p10,SYNTHETIC,CENTRAL
M029,p10,SYNTHETIC,SOUTH
M030,p10,SYNTHETIC,NORTH
M031,p11,SYNTHETIC,CENTRAL
M032,p11,SYNTHETIC,SOUTH
M033,p11,SYNTHETIC,NORTH
M034,p12,SYNTHETIC,CENTRAL
M035,p12,SYNTHETIC,SOUTH
M036,p12,SYNTHETIC,NORTH
M037,p13,SYNTHETIC,CENTRAL
M038,p13,SYNTHETIC,SOUTH
M039,p13,SYNTHETIC,NORTH
M040,p14,SYNTHETIC,CENTRAL
M041,p14,SYNTHETIC,SOUTH
M042,p14,SYNTHETIC,NORTH
M043,p15,SYNTHETIC,CENTRAL
M044,p15,SYNTHETIC,SOUTH
M045,p15,SYNTHETIC,NORTH
M046,p16,SYNTHETIC,CENTRAL
M047,p16,SYNTHETIC,SOUTH
M048,p16,SYNTHETIC,NORTH
M049,p17,SYNTHETIC,CENTRAL
M050,p17,SYNTHETIC,SOUTH
M051,p17,SYNTHETIC,NORTH
M052,p18,SYNTHETIC,CENTRAL
M053,p18,SYNTHETIC,SOUTH
M054,p18,SYNTHETIC,NORTH
M055,p19,SYNTHETIC,CENTRAL
M056,p19,SYNTHETIC,SOUTH
M057,p19,SYNTHETIC,NORTH
M058,p20,SYNTHETIC,CENTRAL
M059,p20,SYNTHETIC,SOUTH
M060,p20,SYNTHETIC,NORTH
