source,target,status
data/members.csv,bronze_members,DECLARED_NOT_NATIVE_VERIFIED
data/plans.csv,bronze_plans,DECLARED_NOT_NATIVE_VERIFIED
data/enrollments.csv,bronze_enrollments,DECLARED_NOT_NATIVE_VERIFIED
data/providers.csv,bronze_providers,DECLARED_NOT_NATIVE_VERIFIED
data/claims.csv,bronze_claims,DECLARED_NOT_NATIVE_VERIFIED
data/benefit_schedule.csv,bronze_benefit_schedule,DECLARED_NOT_NATIVE_VERIFIED
data/benefit_usage.csv,bronze_benefit_usage,DECLARED_NOT_NATIVE_VERIFIED
bronze_members,silver_members,DECLARED_NOT_NATIVE_VERIFIED
bronze_plans,silver_plans,DECLARED_NOT_NATIVE_VERIFIED
bronze_enrollments,silver_enrollments,DECLARED_NOT_NATIVE_VERIFIED
bronze_providers,silver_providers,DECLARED_NOT_NATIVE_VERIFIED
bronze_claims,silver_claims,DECLARED_NOT_NATIVE_VERIFIED
bronze_benefit_schedule,silver_benefit_schedule,DECLARED_NOT_NATIVE_VERIFIED
bronze_benefit_usage,silver_benefit_usage,DECLARED_NOT_NATIVE_VERIFIED
silver_claims,gold_claim_detail,DECLARED_NOT_NATIVE_VERIFIED
silver_claims,gold_claims_monthly,DECLARED_NOT_NATIVE_VERIFIED
silver_enrollments + silver_plans,gold_member_plan,DECLARED_NOT_NATIVE_VERIFIED
gold_claim_detail,origami_claim_detail,DECLARED_NOT_NATIVE_VERIFIED
gold_claims_monthly,origami_claims_monthly,DECLARED_NOT_NATIVE_VERIFIED
gold_member_plan,origami_member_plan,DECLARED_NOT_NATIVE_VERIFIED
gold_benefit_usage,origami_benefit_usage,DECLARED_NOT_NATIVE_VERIFIED
gold_benefit_schedule,origami_benefit_schedule,DECLARED_NOT_NATIVE_VERIFIED
